{"type": "FeatureCollection", "features": [{"type": "Feature", "properties": {"name": "Obszar z projektu", "crs_provenance": "EPSG:32634 inferred from original clipped rasters; source .prj missing"}, "geometry": {"type": "Polygon", "coordinates": [[[20.20129021891924, 50.12043151485671], [20.201406702030404, 50.119481955088084], [20.20149097906935, 50.11919886494263], [20.20143221804172, 50.118771922238764], [20.201447363699554, 50.117785790632404], [20.20161593177204, 50.117487365699475], [20.20406711387832, 50.11766936048987], [20.2043858357179, 50.11762461114972], [20.20465305433078, 50.117489686898026], [20.2047737716851, 50.117385857087875], [20.203855450947678, 50.1171523586703], [20.20381449502679, 50.1163757845727], [20.203979058675475, 50.1159550494771], [20.207297470228603, 50.115767898710224], [20.20907913235099, 50.11556534039618], [20.209515812753313, 50.1155822503001], [20.210185937389234, 50.11556073621763], [20.210703111700948, 50.11548692929461], [20.21206837061617, 50.11485693320742], [20.212482087113823, 50.11444075372636], [20.212699676419682, 50.11430286692643], [20.213140147259505, 50.11413052584767], [20.214505051472557, 50.11378281988197], [20.215749899989287, 50.11357634676604], [20.21649985847029, 50.11338180687024], [20.217212341062165, 50.113152843236534], [20.218136102871505, 50.11275096029687], [20.21956770426537, 50.11250155728601], [20.22198592452255, 50.11216065862413], [20.222712049720197, 50.11199307213184], [20.223755202789725, 50.11163950675113], [20.224341837031886, 50.11158948040814], [20.225351440289213, 50.11158093557128], [20.22674894735854, 50.11144729198634], [20.227552299482916, 50.111309680400375], [20.23001494659706, 50.11110305770707], [20.23054598055703, 50.11111916558799], [20.231444219439748, 50.11108825105478], [20.23254171211049, 50.11099480981729], [20.233984598728487, 50.111081661504045], [20.23465257161718, 50.11101503655543], [20.235293219093734, 50.11178619982269], [20.23570446423529, 50.11203796142867], [20.235972027953895, 50.11235710867891], [20.23607151619095, 50.11269493005384], [20.236033210494924, 50.11308129590517], [20.236695685223992, 50.11309824035033], [20.23764321232897, 50.11301203672849], [20.239497654470718, 50.113363881778916], [20.24033237679407, 50.113629278964176], [20.240905871473053, 50.11377401023909], [20.24196399037215, 50.114149108850036], [20.2434360757308, 50.114981036646334], [20.243981779815062, 50.1152228553448], [20.244871877710374, 50.115527152079125], [20.245186286167794, 50.1156022041283], [20.24540762698029, 50.11551355188241], [20.24571986050889, 50.11530878513239], [20.245855592124833, 50.11527568038561], [20.246625290580322, 50.11532293510203], [20.2476299294138, 50.11365503525015], [20.248596618883244, 50.11392518401752], [20.249029316602837, 50.11344570031744], [20.249307664121638, 50.11352842018854], [20.249978447888207, 50.112727691179124], [20.25009516654357, 50.11276539851337], [20.250413885738524, 50.112348740568464], [20.250913731289685, 50.112483236534246], [20.251003939144507, 50.11234715361279], [20.251347108266387, 50.112486930720664], [20.250308844795935, 50.11334517632014], [20.251076485001036, 50.11379159345187], [20.250142583461447, 50.11466219895225], [20.24992777543693, 50.11491525982068], [20.249707202377458, 50.11536707636131], [20.250868579343784, 50.11537718240037], [20.25169067066751, 50.11547239438245], [20.251765009357086, 50.11545758856354], [20.252735387654045, 50.116195263782465], [20.25401839889278, 50.11702664888842], [20.254741627790047, 50.117457471131885], [20.256445899122344, 50.118360403870426], [20.256578807075844, 50.11846456258102], [20.257272693518654, 50.11826409590298], [20.257519134792265, 50.11877600664137], [20.258811712066258, 50.11842704823225], [20.25956041391799, 50.11832564002213], [20.259723429735583, 50.11839114556848], [20.260122858857095, 50.11835089373098], [20.260334072796866, 50.11851012300673], [20.26114697411264, 50.118389423004324], [20.26143049152595, 50.118321096133904], [20.26153531569074, 50.11832446015665], [20.261708861256373, 50.118405584471084], [20.261891556954573, 50.11843731566235], [20.26338995310092, 50.11838748946009], [20.263526688167186, 50.118407238084], [20.26360916043039, 50.11850036941395], [20.264431974575633, 50.11784168215706], [20.264539722090042, 50.117708936799644], [20.264608958020023, 50.117525147751955], [20.264765426862702, 50.116603202525944], [20.26479292477875, 50.116387230652535], [20.26474435684165, 50.116143803838206], [20.26598289096448, 50.11625773472375], [20.265681395326773, 50.11658849904588], [20.26550936131525, 50.11695694505139], [20.265731162283988, 50.11726584333187], [20.266846866941048, 50.11806312054773], [20.265953522299224, 50.11923018496465], [20.26542807485465, 50.120002973226995], [20.265338701154782, 50.1201045466122], [20.263931663858074, 50.11994755270075], [20.263597467229594, 50.11995541387348], [20.262770448499143, 50.12009258501967], [20.26278876941764, 50.1205841544453], [20.263410340617536, 50.12226241986693], [20.264031401093014, 50.12354812731635], [20.26418739025308, 50.12374512155593], [20.264688810826986, 50.12465423957824], [20.26498380333065, 50.12508066618578], [20.265236637644414, 50.125685028528586], [20.26550354451951, 50.1266496620037], [20.265867424821327, 50.129147706929494], [20.266096059046475, 50.129854951666495], [20.266178484890148, 50.13033685478195], [20.266265011263553, 50.131566031906885], [20.26630870599559, 50.13266933282308], [20.266024975566335, 50.13453867163986], [20.268141265756192, 50.13436321557727], [20.268698035664684, 50.13436042932461], [20.269621598731604, 50.13424576130945], [20.269847937863382, 50.13426336854397], [20.271272701125067, 50.13393605194229], [20.27153680008655, 50.133944901762135], [20.271929630874247, 50.13387723495045], [20.272114618870653, 50.13330116797374], [20.272289944556316, 50.13299297398649], [20.272588642111295, 50.132758380241796], [20.27281961068879, 50.13265472116561], [20.27308278090455, 50.1324566771478], [20.27367321382589, 50.13216906087075], [20.27409517882768, 50.13201435558097], [20.274755257658644, 50.13183775930247], [20.275696597455774, 50.13137519962478], [20.27761585617482, 50.13057166438693], [20.278039559871655, 50.130466945944896], [20.278688835349822, 50.13038322783941], [20.278952115998813, 50.13047324512333], [20.279065587005963, 50.13055459953589], [20.279118857024113, 50.130649066746116], [20.279108197038955, 50.13087449662272], [20.277785915896278, 50.13390930779004], [20.278211048988293, 50.13400905446062], [20.278444362715998, 50.13412109447651], [20.278783328277562, 50.13446306237938], [20.279234599397906, 50.13477875315668], [20.27931220473122, 50.134920394502835], [20.279305955919504, 50.13505701989732], [20.27895045904143, 50.1361867880224], [20.278914923828694, 50.136596559810805], [20.278960954361246, 50.1366984446134], [20.279228340735994, 50.13696444166827], [20.279283056097388, 50.13714010693621], [20.27928467960681, 50.13805630603531], [20.27942133893877, 50.13836464828473], [20.279364573117984, 50.13934971602119], [20.279392806733206, 50.13998465983094], [20.27943917343628, 50.14015757580687], [20.27958069779517, 50.140421891758045], [20.27986317272923, 50.14042993744715], [20.27996344059839, 50.14055373661694], [20.280474824012604, 50.14180935994609], [20.28078151198639, 50.14244243155333], [20.281046716676144, 50.142856762921525], [20.2813914673621, 50.14309805859616], [20.281662407212604, 50.14378395369218], [20.281817792652024, 50.14433876333077], [20.282418988868518, 50.14539533123934], [20.2826869434476, 50.14618909772971], [20.282470778974275, 50.14623550486754], [20.282601483323, 50.14657068929688], [20.282618474782996, 50.14683782828936], [20.282559688845126, 50.147119783956676], [20.28212387634086, 50.148285926604224], [20.28196970475112, 50.148583476157555], [20.281724575887495, 50.1488813621037], [20.281348895182234, 50.14920721110301], [20.280645780287372, 50.14971984313526], [20.280294866323068, 50.15035243658071], [20.279651194552695, 50.15072526057549], [20.279058893063777, 50.15131040859367], [20.279094163280977, 50.15138435404589], [20.279843994440938, 50.15177022594175], [20.27841080081683, 50.1521614315904], [20.27845522711096, 50.15246380647234], [20.27842784955079, 50.15260929119175], [20.27797283675792, 50.15346061190315], [20.277691049596967, 50.15442359790119], [20.277655465504356, 50.15492777363132], [20.27730125804678, 50.15568081697634], [20.277181086213474, 50.15622582484538], [20.27679240451778, 50.15685097930763], [20.276730435959603, 50.15724799700947], [20.27664451914884, 50.15738637338007], [20.27684725180422, 50.158410365460114], [20.279247900210652, 50.15846206081328], [20.2792710376957, 50.15853350324336], [20.27979821914251, 50.15853461551974], [20.28010860647807, 50.15847108506063], [20.280196421303145, 50.15840149929459], [20.28021006867245, 50.158331453853116], [20.280644529673385, 50.15822535405444], [20.2810838213026, 50.15814229956411], [20.281558917158673, 50.15816340117286], [20.28302634948167, 50.158543708378126], [20.284380263585252, 50.15929228929123], [20.28483755493547, 50.15857519448102], [20.2851824699204, 50.15768801529932], [20.285400248592943, 50.15726434952963], [20.285791420913156, 50.15684984161936], [20.28608839250908, 50.15671797079319], [20.28650501975262, 50.156614077140944], [20.28683693385867, 50.15645670470997], [20.286928480000864, 50.156389384523045], [20.286866423448057, 50.1561770849641], [20.288083702342476, 50.15585404245016], [20.28862585315673, 50.15565542579974], [20.289136427565065, 50.155387022794514], [20.289282487648116, 50.15535195254274], [20.290505593839953, 50.15597540592255], [20.291023131232183, 50.15612520989443], [20.293129590278323, 50.156380626944106], [20.293646685196812, 50.15641883786346], [20.294552518436277, 50.15639260492515], [20.29614299560466, 50.156183053073136], [20.296189043502388, 50.15605871650133], [20.29629629061583, 50.15602672891549], [20.29707874508564, 50.15591997829609], [20.2971255661866, 50.15578090074906], [20.298242051399267, 50.155626892441305], [20.29831583826198, 50.15531840658549], [20.30020332678529, 50.155197356583564], [20.30291855116342, 50.15516351466755], [20.30277509081736, 50.15595395361974], [20.304013786410525, 50.15596974457572], [20.3048255946543, 50.155922008891935], [20.305190730508865, 50.15585289497459], [20.305569313408114, 50.155724879198225], [20.305816324097634, 50.15559850345297], [20.306158005748934, 50.15534151374245], [20.30654047487274, 50.15473150921587], [20.306612153009798, 50.15471017887902], [20.30779260408182, 50.15487123644178], [20.308125252182343, 50.15495791394214], [20.30841166723104, 50.154990099328984], [20.309109364631507, 50.15491584996284], [20.30938283942511, 50.15497205192011], [20.310916360669548, 50.15553356875545], [20.31044039205426, 50.15610922621257], [20.310126972417944, 50.15720426949074], [20.311844243359392, 50.15737188954411], [20.31170132807642, 50.15827059405019], [20.31192256987696, 50.158311015857876], [20.312614952857402, 50.15852253833805], [20.31301461933266, 50.15870076723182], [20.3134172877952, 50.15897251904847], [20.3134498626012, 50.15911171270207], [20.313265995585503, 50.16011573125612], [20.314331905684114, 50.160164376256766], [20.315600149115202, 50.16041227589311], [20.317191671414765, 50.160466238316424], [20.317786389434406, 50.16041425842389], [20.318115623634156, 50.16031198591546], [20.318417808402828, 50.1601236895813], [20.31849922158454, 50.160126594871954], [20.319104088426418, 50.15994106134577], [20.318979927308668, 50.159400692831696], [20.320328803940612, 50.15933163086666], [20.32141315346007, 50.15922378527629], [20.321905047317312, 50.159058616053926], [20.32257745833112, 50.15898386840262], [20.322774906252597, 50.158916328492225], [20.32377434010767, 50.1581997237031], [20.324520109857144, 50.15780432280798], [20.324534605506162, 50.15770919227328], [20.32439859544479, 50.15716156772276], [20.324582464578125, 50.156616792575015], [20.324985332771092, 50.1559931801155], [20.32504663506779, 50.15596287700832], [20.32518524926741, 50.15595792819596], [20.325268168091988, 50.15587326500361], [20.32541730150263, 50.15543896606409], [20.325724593708284, 50.15508227857487], [20.32631515993455, 50.154234795627964], [20.326362327317277, 50.15417446974159], [20.327233507086284, 50.15434962936622], [20.3275539086282, 50.153795120618575], [20.327614681131333, 50.153622665073996], [20.32742228295371, 50.15176607415176], [20.327453949906285, 50.15160343011749], [20.328033724251625, 50.15061210909722], [20.32847767949202, 50.149235903237724], [20.3286461156888, 50.14891841487217], [20.329214410059347, 50.14901376661821], [20.32933404141731, 50.14861381738436], [20.32946203698011, 50.148466114592125], [20.33115702512214, 50.14678269800195], [20.331814163227186, 50.14623416168896], [20.331662779627866, 50.14613340029527], [20.331610360809478, 50.146039502015874], [20.332363702223326, 50.145453753845075], [20.330605800611508, 50.144593892640174], [20.330173873496026, 50.144294967957805], [20.329166689351574, 50.14437304096312], [20.32821984137138, 50.14343951340463], [20.328259648399683, 50.143414299029246], [20.32700452287618, 50.1425280688925], [20.326358727806348, 50.142208919214994], [20.326014983670664, 50.141999861241786], [20.323966702406704, 50.14036893965089], [20.323572717701506, 50.14000403685964], [20.322827849746535, 50.13911596641321], [20.322685849943923, 50.13884891353781], [20.32251240871009, 50.13811396293492], [20.322425685809193, 50.13794487489427], [20.321545638221806, 50.13684624591009], [20.320943140194384, 50.13693515245076], [20.31870024197671, 50.137491418925485], [20.31864698363244, 50.13732117568039], [20.31868183569977, 50.1371523484661], [20.319057917995192, 50.136359655701696], [20.319109904696536, 50.13606757161426], [20.319054115094264, 50.13537592270875], [20.319080286238876, 50.13499062983904], [20.319423978934715, 50.133708632488705], [20.319400812095573, 50.13345836563367], [20.319132227929693, 50.13279918558447], [20.318874993365117, 50.131981469183806], [20.31889566577113, 50.13179628478047], [20.319038923946312, 50.13142966047028], [20.319135964725877, 50.1310178097142], [20.31943176856074, 50.13043764245187], [20.31955479663453, 50.12932706860189], [20.319736602850565, 50.1288351539729], [20.32003134124415, 50.12841753713508], [20.320627582883514, 50.12782455991923], [20.320890145389896, 50.12744604354766], [20.320963893478364, 50.127225654336264], [20.321018096305522, 50.12703239370931], [20.32100986029011, 50.12632942427337], [20.321272514739228, 50.12573593116077], [20.321526554471554, 50.12479173553226], [20.321773607400292, 50.124252186307324], [20.321988561927903, 50.12327188681059], [20.321966586262064, 50.12283766973765], [20.321771082493754, 50.122263437301676], [20.322187089191782, 50.12226586633352], [20.322788136976712, 50.12217730462805], [20.323552859565456, 50.1221243090118], [20.324638785538127, 50.121973286160376], [20.325201269797255, 50.12195138123072], [20.325661104359664, 50.121969517141714], [20.32613316505582, 50.12204319707224], [20.32657271046834, 50.12217189167303], [20.326835381382633, 50.122208839507145], [20.32854437869879, 50.12234272097477], [20.32892129204673, 50.122340674017174], [20.329722758934345, 50.1222998981482], [20.331815741064908, 50.121984865475554], [20.33226453203286, 50.12194258162824], [20.332136165909088, 50.12176085323899], [20.33244268051889, 50.121792735815276], [20.33299854452559, 50.1219549820093], [20.33357770198664, 50.12206143478742], [20.3347126762562, 50.122142748564656], [20.336403058985535, 50.122218415317924], [20.336628267807576, 50.122244607348826], [20.337198089392118, 50.12240007991941], [20.33726769296543, 50.12236244498438], [20.337556585815086, 50.12239493275734], [20.338273317192023, 50.122220996262094], [20.338714477064187, 50.12258009499244], [20.339417233409574, 50.12237487286887], [20.339539162159628, 50.12238626579045], [20.34022135758429, 50.122302930586514], [20.340425454652696, 50.12230858557986], [20.340591277624505, 50.122351785341], [20.34097142775608, 50.1222667301382], [20.341123477391346, 50.122294566162786], [20.341775454814915, 50.12206899157744], [20.341939479874572, 50.12203935161293], [20.341980611024134, 50.1219973267006], [20.34229943849751, 50.121896634834755], [20.342544664657606, 50.12186026105453], [20.34275931674062, 50.12170772899746], [20.34294746847856, 50.12165215008077], [20.34312629477952, 50.12166485018833], [20.343364785767676, 50.121609555345124], [20.34364343742993, 50.12148076030336], [20.343780436427387, 50.12148423191045], [20.34386379786543, 50.121421765528666], [20.343989659271045, 50.12142157753067], [20.344263634231638, 50.12132781972777], [20.344294876252526, 50.12129293100108], [20.344420896945966, 50.12128105505327], [20.345072097043218, 50.121007804942394], [20.345325301842564, 50.12100114080498], [20.34553666660979, 50.12088365022738], [20.34559242735064, 50.12089655197534], [20.345774734372167, 50.120858917669125], [20.34594232123658, 50.120772648421465], [20.346173898794238, 50.12071101512765], [20.346474815570676, 50.12069202963443], [20.346549280548032, 50.12066637461582], [20.346590944950208, 50.120584790389664], [20.347034605471894, 50.12045511739008], [20.34712956734183, 50.120464642404656], [20.347443959066716, 50.12038009539727], [20.348472814646588, 50.120304143907305], [20.348667036670523, 50.12021253562348], [20.348930671144306, 50.12015826949468], [20.349174180502775, 50.120144349759094], [20.349544583267992, 50.12005381724081], [20.35004541605364, 50.119831845032344], [20.35008819386933, 50.11956424066672], [20.350452197104804, 50.11932612607006], [20.350979840261218, 50.11908541855657], [20.351057580561584, 50.11881711011286], [20.351151057108005, 50.118729430130394], [20.351252459880016, 50.11867605031422], [20.351343151478257, 50.11869094267142], [20.351395433194742, 50.11865077492005], [20.35166686270205, 50.11863970323723], [20.351705720147894, 50.11855810149273], [20.35196441925331, 50.11855774731839], [20.35201988511425, 50.11848882564725], [20.35209154725367, 50.11846315143451], [20.352066364007474, 50.11836051277089], [20.35225186531582, 50.118292316504565], [20.352273490624267, 50.118140488126855], [20.352365017193467, 50.11809343590305], [20.352332431242537, 50.118021235716874], [20.352363665244898, 50.117986344768205], [20.35242789874182, 50.11799299675194], [20.352588424071747, 50.117910274951576], [20.35268343054711, 50.11791619925697], [20.35376604486317, 50.117103862545505], [20.352181225850455, 50.11626299822992], [20.349772868618526, 50.11489710014606], [20.34856982007464, 50.114289213963794], [20.347667124808652, 50.1139291785761], [20.3464464886739, 50.113507736201086], [20.34519943702422, 50.11313837011558], [20.343910928664762, 50.112816498958196], [20.343290222959894, 50.11262615549785], [20.342461441252553, 50.1123259284528], [20.34200160076081, 50.112120664619724], [20.34156562935677, 50.111877771775745], [20.341050669799593, 50.11151242009445], [20.34052360338655, 50.11105187170203], [20.340285232562014, 50.11073564995675], [20.340131871193954, 50.11043969122003], [20.339904963615016, 50.109808666097564], [20.34057156483554, 50.10797674425806], [20.341449360467234, 50.10727574620098], [20.344250913018403, 50.105172313179466], [20.345890286536875, 50.10380799171621], [20.34730223123458, 50.1023643259907], [20.347906562039814, 50.101425185508745], [20.34812210691755, 50.1008692178461], [20.34832676315051, 50.099920277785834], [20.348401858339038, 50.09917587690235], [20.3481839118502, 50.09754025184904], [20.347285524110667, 50.09602227228991], [20.34632159727958, 50.09516512205126], [20.344544827871204, 50.09385777832495], [20.341971157849542, 50.09267950086292], [20.340815576986905, 50.09228578834537], [20.339700441120506, 50.09196062673665], [20.338547075387993, 50.091814699138936], [20.337393191184606, 50.091595389640624], [20.336590972417234, 50.09149541267823], [20.33553032704775, 50.09142730841356], [20.334360581735943, 50.09145675193599], [20.333002831754275, 50.09159920093854], [20.33193870119336, 50.09177191574761], [20.32911596679233, 50.09255728628733], [20.32677239729826, 50.0932717305695], [20.324645177364683, 50.09377267853487], [20.3235039615431, 50.094004748473665], [20.322402461694224, 50.094115479170306], [20.321647751741363, 50.094144159273775], [20.319456097410985, 50.094155249480146], [20.31773358852372, 50.094110164421366], [20.316167067439025, 50.09413322621363], [20.314843275403835, 50.09422765044727], [20.31393210983356, 50.09433834497166], [20.31309356050488, 50.09448236948697], [20.310458375115637, 50.09510970313147], [20.30715432219511, 50.09604758649234], [20.305349376631966, 50.09652834548656], [20.3000664540245, 50.0977469212872], [20.29930036470935, 50.09787051360511], [20.298654062203482, 50.097907700639794], [20.297822411243004, 50.097868777358244], [20.296709246593792, 50.09769678299284], [20.295747292894738, 50.09745070934306], [20.294709934886555, 50.09704799395682], [20.294508302866724, 50.096939235154466], [20.293677897456856, 50.096313079794996], [20.292935363393486, 50.0955868429388], [20.292504185357366, 50.095064349640516], [20.292228003122748, 50.0945901828831], [20.29194598364021, 50.09394344018019], [20.291787119332458, 50.09347565209824], [20.29169696786853, 50.09290713283716], [20.291704669944387, 50.09252685525601], [20.291904812264967, 50.09114173441801], [20.292016815813934, 50.09069187210485], [20.292018170221738, 50.09000235074864], [20.291881299105214, 50.08903865594569], [20.29175807470598, 50.088372560606366], [20.2915004930908, 50.08756871023301], [20.291133944535773, 50.086649556906096], [20.29077753249531, 50.08601979891463], [20.290340924376203, 50.08538972936772], [20.29009321600628, 50.085102656399954], [20.289261494288866, 50.08427128188403], [20.288394922824477, 50.08351170665602], [20.28782132853545, 50.08304892183157], [20.286734647838603, 50.082257053931016], [20.286219567617746, 50.08191141548464], [20.285149537461958, 50.08128120573788], [20.283480421082373, 50.08039616719865], [20.28116634848895, 50.07932845843415], [20.278630669682517, 50.07822192311145], [20.274835264811625, 50.076849153732844], [20.272884703371247, 50.07631447656863], [20.27166994093504, 50.076063111168295], [20.270763515276307, 50.076070817473905], [20.269299975792613, 50.07615755012049], [20.266945638752738, 50.07623432680713], [20.265420860410202, 50.07622262020691], [20.264419867498695, 50.076128438077255], [20.263905319864186, 50.07604560472637], [20.262080143296263, 50.07562590820482], [20.261172874430372, 50.0753161462403], [20.25998201202471, 50.074788332168815], [20.259581996402638, 50.074554528729166], [20.258917900827644, 50.074060362507105], [20.258239158431707, 50.0734660271535], [20.257704408982256, 50.07292062142451], [20.25749004575321, 50.07264403085342], [20.256885103524787, 50.07181459078188], [20.25662122985917, 50.07137062564999], [20.25630216301108, 50.069563874085034], [20.256153307012177, 50.06844037231825], [20.25559011655894, 50.06713843626553], [20.255111077916236, 50.06647469152657], [20.2548601448038, 50.06619012861885], [20.254482920822245, 50.065897920811715], [20.253928953849005, 50.06554595341257], [20.252848537558787, 50.065167218878116], [20.251638385612218, 50.0650123275006], [20.251391781069163, 50.06500786017589], [20.25081926867014, 50.06503257863418], [20.250441530929223, 50.0650802209205], [20.24918907592977, 50.06531839501045], [20.24835416550201, 50.06554442465985], [20.245384423851586, 50.066700573640695], [20.241967319311822, 50.06795919267241], [20.240836405633097, 50.068339591550696], [20.240348703656473, 50.068457512132625], [20.238537642467545, 50.068703602964234], [20.237998641962324, 50.068690715136526], [20.23708922083064, 50.06863142400531], [20.236259097950967, 50.0685135754499], [20.23555871433133, 50.068362858486445], [20.234970130846268, 50.06817421208251], [20.23466746300529, 50.06804894781863], [20.234205000431366, 50.06780043849697], [20.23395011903744, 50.06762199005136], [20.232893832256973, 50.06665691375959], [20.232625166259304, 50.066336310515304], [20.232137942656472, 50.06561936812654], [20.231762556038415, 50.06494119653439], [20.231628796009257, 50.064649356321155], [20.231328680201674, 50.0637195684456], [20.23068306885546, 50.06234161704974], [20.22997203086559, 50.06110942447906], [20.228814622777477, 50.059470108083175], [20.22823588752394, 50.05875433842665], [20.22690486283832, 50.05749732234041], [20.22553846245101, 50.05659430797575], [20.22433782256123, 50.056024070686], [20.22389206585061, 50.055780576232465], [20.22358056943705, 50.055689749778], [20.22247657974541, 50.05525123132807], [20.221602085913347, 50.05504387704386], [20.219035441660157, 50.05420088330081], [20.21781479750238, 50.053701294165975], [20.217346291109873, 50.05343460355291], [20.216516725315323, 50.05300138473586], [20.216118104446075, 50.05275736912348], [20.2148858965358, 50.05191789284005], [20.213847394384768, 50.051087987377265], [20.21282299155203, 50.05011538751587], [20.212415297666524, 50.04966899502247], [20.211269308431604, 50.04791412891904], [20.210295156730556, 50.04580940270189], [20.20998866595346, 50.04544461083194], [20.20962040100765, 50.045109338241275], [20.209288016452746, 50.044867997497114], [20.208888128556136, 50.04460542594294], [20.208360516723175, 50.044349894152155], [20.207817523193718, 50.044147033467425], [20.206774703748444, 50.04390155344886], [20.205050767776427, 50.04364348848336], [20.204364817715874, 50.04358484070126], [20.203747677998344, 50.04359508423771], [20.202486021729932, 50.04369206855672], [20.20183498546965, 50.0437929703543], [20.201116437552336, 50.04386463187594], [20.2004602424071, 50.04408246638779], [20.199943152987245, 50.044204870184096], [20.19937470656502, 50.044426450351565], [20.198551658708215, 50.04469401333464], [20.197306583517978, 50.04527622276866], [20.194861274738226, 50.0466843052605], [20.193546641581925, 50.047287121195886], [20.192784039868243, 50.047558929527774], [20.19135122569766, 50.0479957297213], [20.189934313583944, 50.048232838115055], [20.18852746654604, 50.048344212292896], [20.187870148341055, 50.048348516037095], [20.186476938733886, 50.04829694978152], [20.185069848984114, 50.048174688168245], [20.183856470288315, 50.04801735729928], [20.181164477691834, 50.04747070080526], [20.17861341408115, 50.04689225104269], [20.173236197965135, 50.04556077147142], [20.17079312848623, 50.04489255646374], [20.16652222398303, 50.0438374116833], [20.162387063548408, 50.04311171902988], [20.161003845497355, 50.04292963544991], [20.159578977276876, 50.04283067255941], [20.156413925325232, 50.042836572168746], [20.154989805024236, 50.04290245789607], [20.153512316981836, 50.04305739988204], [20.151678243088956, 50.04337048079069], [20.150351900280654, 50.04366189552021], [20.146178267986347, 50.044765243020784], [20.145571893332054, 50.04489888615376], [20.14382767361355, 50.04540482750914], [20.143068945048075, 50.04554686430474], [20.142275183549085, 50.045734942197925], [20.14157932382199, 50.045842997372475], [20.14039856781319, 50.04594970584129], [20.139291368977773, 50.04594042118618], [20.138073992703628, 50.0457915727378], [20.13737153877306, 50.04564375254234], [20.136551661857126, 50.04541053675812], [20.13586024640996, 50.04516172778804], [20.13530613916662, 50.04490998160045], [20.134961253674575, 50.044724619303786], [20.134269651624148, 50.044262077198496], [20.133829889865996, 50.043910654499335], [20.133486012108254, 50.04360022686351], [20.133086612900026, 50.0430781787727], [20.132823436005925, 50.04280692439167], [20.132514373797456, 50.042533168528486], [20.13226677096936, 50.04248258490429], [20.13176445471418, 50.04187785218416], [20.130474394524725, 50.04093687888386], [20.130033473669176, 50.04066050985233], [20.12947048850922, 50.04037153494829], [20.128865897980887, 50.04012162674392], [20.127674881898468, 50.03982226279151], [20.12662879418087, 50.03969975659912], [20.12579806097434, 50.03968837698854], [20.12505511415657, 50.03973223028434], [20.122787145236682, 50.04030979250099], [20.120836238084706, 50.041197393929586], [20.11929469091589, 50.04181329659861], [20.118051288592806, 50.04215667171856], [20.115758903297102, 50.04259328780146], [20.114236866158727, 50.042658916489195], [20.11173796579488, 50.042669848649155], [20.106855638504598, 50.04244257279498], [20.10610944666632, 50.04201136090286], [20.1054141814311, 50.04184550955611], [20.1049962371173, 50.04157209944205], [20.104373555345088, 50.04128002457115], [20.10370605625694, 50.04128089562614], [20.103188364872654, 50.04118410643489], [20.102554873917306, 50.04066391944694], [20.101115831691136, 50.03934509111009], [20.100080710685727, 50.03829650825545], [20.099363695415327, 50.03780478748098], [20.098010625579345, 50.037278539100846], [20.097137910299075, 50.037118811184044], [20.095960608164013, 50.036958412744646], [20.094824862732793, 50.036993797027485], [20.094018942272875, 50.03715034053188], [20.092176306237473, 50.03801969472581], [20.091693698519226, 50.03868576929872], [20.091553480211253, 50.039591262941464], [20.09164446050515, 50.04025202512963], [20.09202869717558, 50.041323465806705], [20.092338523687758, 50.041781027912144], [20.092283192999187, 50.042072092442346], [20.091834566484334, 50.042155977971966], [20.091774589052502, 50.042308360368104], [20.091635750265656, 50.04224505412894], [20.09166135745085, 50.04235297007243], [20.091593838378778, 50.04240926648851], [20.091683702698038, 50.04250797477923], [20.0917084793392, 50.04261552455564], [20.09148380274869, 50.04280231308044], [20.091509755372325, 50.04293630645806], [20.091415470496386, 50.04310874038079], [20.091009288925335, 50.04339157233864], [20.09086973526177, 50.04365428332404], [20.09027986708507, 50.04395608388809], [20.08963249974012, 50.04438168989067], [20.089293327257064, 50.044435134487806], [20.089234300842886, 50.04471376052205], [20.089011887355305, 50.044853717450074], [20.08858610184299, 50.04495368429868], [20.08826047609449, 50.044955082862494], [20.088005082509778, 50.044897420255275], [20.08724808298038, 50.044549710823595], [20.086876232375577, 50.044191180744974], [20.08694707061353, 50.04408546115393], [20.08688879871676, 50.044021883929666], [20.086439682910203, 50.043924120960256], [20.086163617292407, 50.04377170329345], [20.086057601499455, 50.04359760653007], [20.085881613975033, 50.04349093263442], [20.08561886434512, 50.042961164583055], [20.085464545187666, 50.04284584929662], [20.085224740857644, 50.04276942166815], [20.085201171458344, 50.042694608256184], [20.084918072577274, 50.04249411868673], [20.084687434905383, 50.04224414055834], [20.08442623592189, 50.042030245642835], [20.08354153458411, 50.04148594376685], [20.083007048704424, 50.04135665312493], [20.082720923211593, 50.04138181543608], [20.08255269735566, 50.04136681895028], [20.08230608321101, 50.041282059428276], [20.082177795363275, 50.04120803571361], [20.081806205427867, 50.04083915112076], [20.08170204578882, 50.04078114242406], [20.08149922913832, 50.04085236686603], [20.08135382456329, 50.04086335423747], [20.0812837614653, 50.04084760435643], [20.081061843403376, 50.040646870250704], [20.080931101246374, 50.04070158092644], [20.08073585622261, 50.040727188264384], [20.080543578864546, 50.04070705313874], [20.080350564857536, 50.040725484475146], [20.080324598191563, 50.040703519794484], [20.080440649567166, 50.040438567033284], [20.080399073366234, 50.04031289906136], [20.080423569078405, 50.040192609911756], [20.080681311155132, 50.03959187595714], [20.08084684974212, 50.03900147045441], [20.081013874502215, 50.03871327366855], [20.081483258464228, 50.03877732111882], [20.081988952933422, 50.03891394385339], [20.08216033185657, 50.038858294593666], [20.082563091364705, 50.038616556498056], [20.08276005078128, 50.0385517576306], [20.083046317305037, 50.038379049318834], [20.083382023764006, 50.03829313708211], [20.08359582777541, 50.03814269294399], [20.08380697740086, 50.03789691979237], [20.08345298127929, 50.037814461791164], [20.083306119503725, 50.03774119170109], [20.082589030226053, 50.03705029905025], [20.082364119501385, 50.036904660236345], [20.0818564905853, 50.036658240066956], [20.080505050437665, 50.03621910529216], [20.07983024215167, 50.0358975329698], [20.07973102339274, 50.035800809123245], [20.080002212760217, 50.03561324297183], [20.08023192544527, 50.035389921770395], [20.080814375944794, 50.035028410996155], [20.081628572839502, 50.03467988065412], [20.081656967613462, 50.034640273915365], [20.08161821003887, 50.034381557386965], [20.08170708083113, 50.03425970928227], [20.081247069752838, 50.03416031108385], [20.081118717444475, 50.03416388043527], [20.08003044916513, 50.03398208616246], [20.076905575081508, 50.03321755816931], [20.074666782731562, 50.032589489063426], [20.073541367456023, 50.032186780900176], [20.0729995582107, 50.03175581688824], [20.072845283161644, 50.031518382896806], [20.072802134131994, 50.03136707416709], [20.07279709979876, 50.03084562821105], [20.072554905663885, 50.03026690065173], [20.072277200233916, 50.02976395508686], [20.072056381743213, 50.02954693769899], [20.069093210803366, 50.027117490720386], [20.068426218911267, 50.02648166741673], [20.067828470937894, 50.025586187771324], [20.067688498021067, 50.0254485751408], [20.06721988101614, 50.02520842760089], [20.06561548413484, 50.02461620960105], [20.065029861272375, 50.02437969651951], [20.064864656601777, 50.0242699300431], [20.065041260293306, 50.02397221190804], [20.065311455616847, 50.02372748694349], [20.06638956602729, 50.02288495758823], [20.067163523616763, 50.02218770095881], [20.067414300008068, 50.02208712565937], [20.067709786067752, 50.02203429328621], [20.068433026367295, 50.02199505508645], [20.06975713245276, 50.01834566964673], [20.06936751175147, 50.017190397040196], [20.069348223791284, 50.01685972116333], [20.069295956563398, 50.016668775726444], [20.069207632024373, 50.01653130917401], [20.069190221020072, 50.01621188744737], [20.06906692125901, 50.01571808358443], [20.06895153090094, 50.015551627410645], [20.06885533048014, 50.015273113310116], [20.068648288455716, 50.01511275472921], [20.068030510745615, 50.01407666870765], [20.067658261182228, 50.01308750889424], [20.067615517311015, 50.01275106937113], [20.067755657851613, 50.01271946690889], [20.067742640292053, 50.012584582219425], [20.06783707354323, 50.01247061145358], [20.067895631429746, 50.01224207256275], [20.067879603039717, 50.011700215845714], [20.067711810131854, 50.011163613569394], [20.067656894868872, 50.01073518468827], [20.067376506924166, 50.009759169467614], [20.06722246524152, 50.009536294731994], [20.06676359185196, 50.00914687650051], [20.066514241490882, 50.00902600521628], [20.066260430999968, 50.00902737973282], [20.065828503440706, 50.00819858787864], [20.065666841950083, 50.007786471793885], [20.065004038477028, 50.007957452972754], [20.06482016969356, 50.00803590422977], [20.06453336364495, 50.00804114503498], [20.064333232760557, 50.00809482813347], [20.063321227493077, 50.00818601736751], [20.06303459580596, 50.00813200292473], [20.062922547967123, 50.00808263473414], [20.06268801673905, 50.007860542402135], [20.062542508946596, 50.007781322020584], [20.062353774624437, 50.007614895763], [20.062305408090065, 50.007289917358285], [20.06254852803871, 50.00700568733953], [20.062561501146224, 50.00684080096371], [20.062462940835374, 50.00675090039552], [20.062419515768944, 50.006752797345996], [20.06238603031414, 50.006444573162334], [20.062330651836586, 50.00632229290586], [20.06218185818784, 50.00631182928665], [20.062031400302534, 50.00623634458655], [20.06181795062062, 50.006250623498346], [20.061760063223016, 50.0059563182044], [20.061687023207785, 50.005967416318526], [20.061593364172783, 50.005783595043965], [20.061384699835862, 50.00583162941089], [20.0613467837672, 50.00567963864906], [20.061043132596804, 50.005526217054076], [20.060752973694875, 50.00533199323859], [20.059792913088824, 50.005494873486654], [20.05828738175483, 50.005657006428024], [20.058011729666738, 50.00544913670947], [20.057522408293337, 50.00483186310548], [20.057284749285277, 50.00470756012677], [20.0569761789154, 50.00464966591467], [20.055836297398805, 50.004620165409754], [20.05530808585648, 50.004565424502246], [20.055159733391932, 50.00459685515095], [20.055168238083937, 50.00411318963348], [20.05466333352425, 50.00412939750934], [20.053893672005206, 50.004101814675366], [20.052988958658798, 50.003968375259454], [20.051616125958596, 50.003825348971745], [20.051221463142717, 50.00387535125766], [20.05075811309757, 50.00402000873618], [20.049604194530556, 50.004292981135116], [20.0489219425325, 50.00431085821044], [20.048283850465356, 50.00416940702098], [20.04816874558835, 50.00409239595113], [20.048140251439914, 50.00398822211944], [20.048154167147658, 50.00306456425592], [20.047998129140197, 50.00263754326864], [20.04779963098201, 50.00176842809002], [20.047734396787742, 50.00007113294347], [20.047825739012264, 49.9993591372455], [20.04796787783085, 49.9990908324705], [20.047522613116815, 49.99899267879617], [20.047166004504227, 49.99899640436456], [20.047036931607025, 49.99906925331794], [20.046771237189898, 49.999152218968], [20.04658655689845, 49.99914494706444], [20.046462777302878, 49.99910526699436], [20.046443950533597, 49.99913325523791], [20.046302405131314, 49.99911024283743], [20.04590443506247, 49.99911758074135], [20.0456239254825, 49.999152587878854], [20.045381061937434, 49.999096821558894], [20.045137056413164, 49.99908465345139], [20.043980486550094, 49.99915101644884], [20.042929721894538, 49.99929089097758], [20.04245267112761, 49.99940294350286], [20.04079297647231, 49.99961500747314], [20.04025213752292, 49.99972868152162], [20.039681452763393, 49.999743920305875], [20.039156934240662, 49.99982940153077], [20.03889087963517, 49.99993653295852], [20.0387396126687, 50.00021922717659], [20.03854931028157, 50.00033282978473], [20.037722678259705, 50.00100338643783], [20.036568078064278, 50.001303377585366], [20.03575268992427, 50.001409625554125], [20.03328687566656, 50.00119768074991], [20.032176191968876, 50.00103179173668], [20.03185385530278, 50.001050771731784], [20.031757428215975, 50.001031714604814], [20.031647116109458, 50.00096084114551], [20.03100813227208, 50.00091702336039], [20.030727953892256, 50.00101080083883], [20.03015759243988, 50.00097438505605], [20.029550670648913, 50.00106336002187], [20.028893701322612, 50.001102190669734], [20.028794194256445, 50.001062964630755], [20.028837801777474, 50.000989510499146], [20.028796865826166, 50.000916517581125], [20.02901391314842, 50.0006814115948], [20.029180679874717, 50.00040776108599], [20.029249912304003, 50.000149298968225], [20.02923293037153, 50.000043598190224], [20.02933693604928, 49.9997346256974], [20.029321288917753, 49.999624979888516], [20.02919503824693, 49.99928611775037], [20.02848385185215, 49.999178562395116], [20.028323404060703, 49.999353269868585], [20.027547766242876, 49.99993759457784], [20.026806744465315, 50.00058901033474], [20.023706564883202, 50.003057711091145], [20.023595278987624, 50.00301460511849], [20.023421723500462, 50.00301539230695], [20.02260235265978, 50.00321196761232], [20.02215275836756, 50.00325223713014], [20.021611070372494, 50.003238589378284], [20.020202427108835, 50.00309902511288], [20.019112303251962, 50.00308136248841], [20.018814065841923, 50.00311480630368], [20.018825518776584, 50.00319636497658], [20.018739248754496, 50.003466455497104], [20.018480458126373, 50.003946653596174], [20.01848926275906, 50.00417879533197], [20.01828132802147, 50.0043262029918], [20.01747656982627, 50.00424179557613], [20.016730767630435, 50.00394820343982], [20.01610131697717, 50.00388712098972], [20.015972591888918, 50.003926310689494], [20.01538403760416, 50.00386422247255], [20.015253223916968, 50.0038758800546], [20.015047116013132, 50.003837895368626], [20.014954347158625, 50.00385149401541], [20.014749041743283, 50.00380839052977], [20.01457901984952, 50.00381360027451], [20.014097946885432, 50.00374855202258], [20.013851191358494, 50.00375409770907], [20.013393898428394, 50.00367234486284], [20.013271171197598, 50.00371149265782], [20.013164387893458, 50.00366688642208], [20.012718539272612, 50.00361903580632], [20.01218891163727, 50.00351373467578], [20.01053503341989, 50.003327008013244], [20.008691013480718, 50.002991714277684], [20.00686052353151, 50.002576483700174], [20.006306997081357, 50.00248803468822], [20.006113578676885, 50.001963799108786], [20.005748746355753, 50.00172923525759], [20.004399874163703, 50.00120578934036], [20.004259754551015, 50.00116844155478], [20.004144285851474, 50.00118705174444], [20.0040625115792, 50.001060200764464], [20.003724930859, 50.000770027909965], [20.003642731659657, 50.000589584335415], [20.003698702616685, 50.000533958745585], [20.003518271796587, 50.00038863705002], [20.003479382307773, 49.99982715083917], [20.003043097225195, 49.99950115162158], [20.002928444390506, 49.999359091574384], [20.002760830603577, 49.99923509846717], [20.00279867048986, 49.9991388562296], [20.00274404851288, 49.99908210068389], [20.00291994539772, 49.99889326481676], [20.003007092074043, 49.99885445160864], [20.003066205851905, 49.99873447500048], [20.003266449184583, 49.99819779126435], [20.00325422121875, 49.99800661926424], [20.0035509654525, 49.99791619726283], [20.00364076043424, 49.997924611099535], [20.00370364721503, 49.99785816530321], [20.00391704159514, 49.99775111185306], [20.003993205637165, 49.99765636710649], [20.00413808366179, 49.99759790792839], [20.00401501678435, 49.997485088605586], [20.00440015429905, 49.99724104109818], [20.004486403313322, 49.997015827625944], [20.004425095548807, 49.996972142908945], [20.004701390192913, 49.997115138725384], [20.004776929323878, 49.99712486801411], [20.004906224311497, 49.99706438601661], [20.00519953777378, 49.997038398623864], [20.005284323760012, 49.99697178008011], [20.005755970710414, 49.99684751569382], [20.005858086114362, 49.996758926421926], [20.005939646630626, 49.996781024749104], [20.006049011021048, 49.9967399719393], [20.00613934120676, 49.996661441723724], [20.006367296684413, 49.996645950906405], [20.006443999911017, 49.996612710252634], [20.006515436616546, 49.99664551114364], [20.006656324869926, 49.996577303964344], [20.0070861968593, 49.9964628367753], [20.007365329792506, 49.9963056281414], [20.00751827724511, 49.996173234674124], [20.00771551065799, 49.99610514853288], [20.007706830387633, 49.99604573114028], [20.007928720188623, 49.995972370766], [20.008188497374306, 49.99573874768174], [20.008499312105975, 49.99553271417319], [20.00968466246088, 49.99530609472168], [20.010041333293767, 49.99520987367461], [20.01017573507291, 49.99521938237959], [20.010269811187943, 49.995161740927756], [20.01098951033785, 49.995277842822915], [20.01155906552918, 49.9950910900922], [20.011815864827884, 49.994960834483784], [20.012233125954943, 49.99468448579863], [20.01272056706869, 49.993848209733315], [20.012954919850955, 49.99371704127747], [20.01302515292445, 49.993597423907836], [20.01285803690791, 49.99351013438395], [20.012844225931996, 49.993421721439475], [20.013452948908625, 49.99333015182588], [20.01366482425804, 49.992627118295076], [20.013619410318103, 49.99254949616573], [20.013647287772343, 49.992127587422374], [20.01374845362702, 49.99175008974932], [20.01391475160084, 49.991352015800004], [20.014707378984422, 49.990483527894796], [20.01499005390088, 49.98969252771511], [20.015110581528766, 49.9896021984019], [20.01511002129506, 49.98952037196688], [20.01542827013119, 49.98885114634842], [20.015657149918056, 49.98856976966846], [20.015879104979717, 49.98837474109477], [20.017048960228443, 49.98770742677063], [20.017823009506497, 49.987197606537315], [20.01844001524639, 49.986660467421636], [20.01863010057738, 49.98644754079204], [20.01867153436285, 49.986316526970455], [20.018604068059048, 49.985862789871916], [20.01825293804298, 49.985649959824116], [20.017522588085512, 49.98528933616932], [20.016897924986452, 49.98489579584428], [20.016722654519647, 49.98486077254759], [20.016552702602077, 49.984715379680146], [20.016021303550563, 49.984378551634286], [20.01517970394172, 49.98346507717221], [20.01376226244758, 49.98229134659081], [20.01273802059891, 49.9817076343984], [20.012691033095958, 49.981632515936326], [20.012502100621678, 49.98156401181687], [20.01133678061675, 49.98086453560438], [20.010468661158832, 49.9804762580133], [20.00974756626818, 49.98022158250215], [20.00970208276794, 49.98018217153114], [20.00964927929707, 49.980091806671936], [20.009683697963794, 49.979583456396746], [20.00989622436785, 49.97825723890544], [20.009905901717012, 49.977643028143014], [20.010016431116895, 49.977243943414265], [20.009929738524328, 49.97718808619919], [20.009753685156184, 49.97688033595278], [20.00962538779904, 49.97677970576647], [20.00959733855602, 49.97667903219412], [20.009169653589296, 49.976098490842745], [20.00907448462829, 49.97617716207651], [20.008596813998125, 49.97601456219046], [20.008456294319988, 49.97602720799906], [20.008239118555146, 49.97596394015949], [20.007673487612756, 49.97540765947283], [20.007840003171495, 49.97523590901972], [20.008222793374, 49.975082821482076], [20.00809367464915, 49.97504287460434], [20.007302316603294, 49.974887387374196], [20.00687230575361, 49.97476061432537], [20.00614915488874, 49.97476646968903], [20.005510871027774, 49.97467953734676], [20.004334223859114, 49.97463644578651], [20.003680180578286, 49.9746242666325], [20.00290059215702, 49.97467610265925], [20.003090954420905, 49.97491637103096], [20.003390809475057, 49.975154432780876], [20.003108485835245, 49.97528247251269], [20.002829247530933, 49.97536234406564], [20.002187086262456, 49.97536842132258], [20.001125964193353, 49.97568423934412], [19.999869123578282, 49.975015867846196], [19.999777636996054, 49.97485575106373], [19.99930907701148, 49.974813946145844], [19.999106852361685, 49.97472975019038], [19.99899536298938, 49.97464687634651], [19.998594619446365, 49.974521763713085], [19.998311066882223, 49.974379498992754], [19.998064224385345, 49.97430237881063], [19.99797319129801, 49.97416105656139], [19.99798548219465, 49.974079430676234], [19.997279072411555, 49.97394429985702], [19.99673941621305, 49.973875884744835], [19.996083856040453, 49.97383667532705], [19.993623811580502, 49.973557395827605], [19.99332616628263, 49.973510215807856], [19.992623148784965, 49.97333381534664], [19.990083931456812, 49.97300270174619], [19.98895848009047, 49.97304055287826], [19.987499338288515, 49.97301523849733], [19.987044127718693, 49.97304282439833], [19.986519902166783, 49.972917940298146], [19.986384774731683, 49.97293950799262], [19.985771212426418, 49.97280017288651], [19.9851563745273, 49.97273491277006], [19.98500967644168, 49.97274981389299], [19.98378347633176, 49.97259350734547], [19.98309216938301, 49.972571534475705], [19.981279232306377, 49.9726311559011], [19.981074872966197, 49.97306589523583], [19.981073490088743, 49.973217208926535], [19.981439585155673, 49.97367997611599], [19.981491495869513, 49.973796601212754], [19.981521877070332, 49.97414061042456], [19.981869785036526, 49.97466633632851], [19.98215326955873, 49.97519293451262], [19.982260734288648, 49.97609320018], [19.982225604970033, 49.97659524310782], [19.982158322559567, 49.97688318772535], [19.98223542924784, 49.97711431452479], [19.98174428523537, 49.97742875065179], [19.981770742135364, 49.977549288171126], [19.981611903161628, 49.977656420417595], [19.981386705862047, 49.978000793043066], [19.98137828566097, 49.9782344961984], [19.98143221193568, 49.9784407834361], [19.981655446668697, 49.978658447554515], [19.981858112580895, 49.97879374908467], [19.981955953616417, 49.97898064032416], [19.982022299932293, 49.9791601518859], [19.98199569011199, 49.97921197873013], [19.9820617333005, 49.97943230866717], [19.982055734422207, 49.97963069675805], [19.982136703886155, 49.97969875297604], [19.982250278974682, 49.97970838119348], [19.98228037152296, 49.97986158930671], [19.98239956152489, 49.97992233791929], [19.98259095129605, 49.9801893534697], [19.982522345401588, 49.980447345088216], [19.982522882146384, 49.98058716641339], [19.982582042061978, 49.98063821705938], [19.98258687356403, 49.98070003050178], [19.982485366425145, 49.980924645096536], [19.982221050142858, 49.981034269701574], [19.981428798483556, 49.98103262136346], [19.98045019322446, 49.980941663632805], [19.980308432663858, 49.980978990892865], [19.97987870944833, 49.98099103787188], [19.97961262999077, 49.98105847127029], [19.979501763302807, 49.98103933339559], [19.979404189116128, 49.98107075423914], [19.979346010966395, 49.981032748169795], [19.979267428244, 49.98102989883287], [19.979185974848807, 49.98111657875691], [19.978906853324904, 49.981075459213436], [19.978895621507878, 49.981118609098814], [19.978805626423203, 49.981147668465496], [19.978652142146966, 49.98108005050934], [19.978483472976112, 49.98116982837832], [19.978358295261142, 49.981128534407944], [19.97814161015237, 49.98112186051696], [19.977862116274938, 49.981170739328405], [19.9777020998476, 49.98106269106578], [19.977645868568185, 49.981090788261746], [19.977108269619475, 49.98100836345094], [19.977113387184104, 49.98084593353605], [19.977059865147286, 49.98085804960167], [19.9769585145294, 49.98079133865083], [19.976775296199612, 49.98080437880433], [19.97655066774311, 49.98077785074024], [19.97642564790719, 49.98083438277001], [19.97617562313582, 49.98087443618803], [19.976109300518544, 49.9808195426443], [19.975881700235785, 49.98074910890013], [19.975754674149613, 49.98077532139501], [19.975643071408378, 49.980850043806356], [19.974962880699678, 49.9806932495815], [19.97459188539091, 49.98055986501969], [19.974430344521874, 49.98047148995736], [19.97440082150784, 49.98039102543535], [19.974045686556764, 49.98041027392157], [19.97386429826536, 49.980363532672726], [19.973566679081447, 49.980366474452545], [19.97295183056805, 49.98023245533177], [19.972545555088974, 49.98006035844793], [19.972293914123355, 49.97999959528008], [19.972263747095564, 49.980113159509855], [19.972189341798597, 49.980097574552616], [19.97209143623282, 49.98013132409222], [19.972081694433495, 49.98007809843439], [19.97198210192366, 49.98000780211113], [19.972003590305192, 49.97997436458737], [19.971818706644644, 49.97996094735239], [19.971676938257477, 49.979821852182866], [19.97161862814749, 49.97988850126961], [19.97148310455453, 49.97988163521964], [19.971439679780044, 49.9799302535008], [19.971322597512064, 49.979836693565304], [19.971206535935362, 49.979852208593115], [19.971119280434667, 49.97995537567627], [19.970942639059547, 49.97996738597341], [19.970730781744784, 49.97986543189858], [19.970441144592314, 49.9797885026645], [19.970420768081333, 49.979750198164574], [19.97027854850603, 49.979717375961755], [19.970227278734598, 49.97966315211981], [19.96997629045214, 49.97961776504541], [19.969989882515627, 49.97957544617774], [19.969898155563943, 49.97958101563862], [19.969954540195584, 49.97951974516972], [19.969885969580577, 49.97953136465367], [19.969841458170166, 49.97950021871019], [19.969704974046145, 49.97953838911371], [19.969608322147202, 49.97949383234026], [19.969590156999296, 49.979593565783674], [19.96950138825383, 49.97959772257742], [19.969286548041303, 49.979518128010604], [19.969260694153068, 49.979429512541316], [19.9692042264057, 49.97946200936023], [19.96902881093687, 49.97945586494362], [19.968958518644442, 49.97948931775519], [19.968842379203934, 49.979430200852626], [19.968788664385002, 49.979438265248476], [19.96869785474021, 49.979270487128694], [19.96856352718404, 49.97923386665714], [19.968613371006658, 49.97911337506161], [19.968431635109503, 49.97903119595051], [19.968222446581557, 49.97896136039588], [19.967686438719152, 49.97889113428204], [19.967518936853185, 49.97889971402956], [19.96727970063836, 49.978755070363995], [19.96704241728384, 49.97874720327622], [19.96696615288675, 49.97883814687605], [19.966841821270616, 49.97885574183663], [19.966738877445696, 49.97876661902984], [19.966536314094302, 49.978745662910725], [19.966536285441173, 49.97848014564055], [19.966503672133346, 49.97840792363266], [19.966376838181883, 49.97834061666967], [19.96616258582072, 49.97827963377707], [19.965623473612613, 49.978432717645276], [19.96559571363068, 49.978238255151396], [19.965434334953898, 49.97819545548], [19.96544771045429, 49.97811788877177], [19.965355336302625, 49.97804971910249], [19.965326158404334, 49.97794093225399], [19.965236262941183, 49.977893734636794], [19.96504332462635, 49.97787277183461], [19.964910936808305, 49.977798040728196], [19.9647691720318, 49.97776395699166], [19.964405754237983, 49.97772160059831], [19.964299522211515, 49.97774699712507], [19.96435063580953, 49.9776587079829], [19.964849609711663, 49.97758259821388], [19.96513510124561, 49.97713026862367], [19.96515786392117, 49.976972582065095], [19.96518881064731, 49.976972858122096], [19.965234724496025, 49.976853861404564], [19.965436208838888, 49.97660614608614], [19.965598739007202, 49.9764779389257], [19.965640418122756, 49.97630927155015], [19.96594483777933, 49.975734195728705], [19.965949098801044, 49.975489846432325], [19.966254315125944, 49.97503984775454], [19.9665159627675, 49.974449643232965], [19.966836263864547, 49.974141032882144], [19.967055389052838, 49.97374565252907], [19.967039536853022, 49.97316412483315], [19.964896148964023, 49.973021926353695], [19.963605759845027, 49.972546446559704], [19.963093896345104, 49.97232293070141], [19.96305159046823, 49.972273998740604], [19.96287877809141, 49.97122692861726], [19.962957144291344, 49.970382792914194], [19.963269261644843, 49.96949453032424], [19.963435095918346, 49.9686275282594], [19.963814579531558, 49.968645574708226], [19.96413717448034, 49.96767054577422], [19.964342943090625, 49.96735804195562], [19.964540171776243, 49.96691067967464], [19.9649388090059, 49.96637951575374], [19.965364857539708, 49.966129847568624], [19.96497060005803, 49.96554710097915], [19.9648803535604, 49.96526387413495], [19.964864456289725, 49.96503669805844], [19.96488912885518, 49.96491319581561], [19.96536484760928, 49.96415352592874], [19.96547646886971, 49.96407036145404], [19.96606143861125, 49.963369747763196], [19.966129996421394, 49.96276550354814], [19.966113360306526, 49.96220815465107], [19.966683667760314, 49.9621519147203], [19.966895807465217, 49.9620608326359], [19.967572410407385, 49.96159642366932], [19.96800861577653, 49.96121457176617], [19.96819046376436, 49.96110577438288], [19.968425752553046, 49.96107900451749], [19.968684379239615, 49.96080796391655], [19.968717324842114, 49.96062285294974], [19.968915988828602, 49.96035955083537], [19.969474647818913, 49.96016877136814], [19.969882449180922, 49.960189207684124], [19.9701481367826, 49.96015497163903], [19.970435833397804, 49.96016705652329], [19.9707558814194, 49.96023724283733], [19.971849074966386, 49.9603198585193], [19.972265292252732, 49.960324805824676], [19.972539499565556, 49.96027004935215], [19.973407004750676, 49.96021029436893], [19.97431062817841, 49.96003144573375], [19.974655663591403, 49.960027842533606], [19.975027406751387, 49.96006610475474], [19.97508960552575, 49.960182554225796], [19.975263518438332, 49.96021025589704], [19.97601310767009, 49.96017668377584], [19.97662521980661, 49.96011258184461], [19.976652624840323, 49.96018079903125], [19.977097866837312, 49.96018409685199], [19.977785447167783, 49.960057624190206], [19.97824412834609, 49.96002516013963], [19.97862654179436, 49.96006647198734], [19.979458940172005, 49.96001859100854], [19.980249981865104, 49.96005459041377], [19.980756341665494, 49.96001489284458], [19.981570863456533, 49.96008750494194], [19.982299070685446, 49.960102617979665], [19.98230692848909, 49.959220805119195], [19.983143165509468, 49.95925448390609], [19.983363263035617, 49.95825395587035], [19.983380723486462, 49.95772262394151], [19.983272070343165, 49.957488343306174], [19.98301209008373, 49.95724617210657], [19.982223641440115, 49.95616369831325], [19.982053538494405, 49.956015285168796], [19.98191881244645, 49.95571594592633], [19.981760511358598, 49.955483835509675], [19.981745715282337, 49.955299920164954], [19.981831610882807, 49.955224966084224], [19.98188733027812, 49.95484286850253], [19.982079722544615, 49.95411229241073], [19.982242578943623, 49.95412154407623], [19.982235848655698, 49.95384580677989], [19.981967862351055, 49.9537399632738], [19.981927189039794, 49.95324993118456], [19.981720778715037, 49.95268264609694], [19.981645754858473, 49.952268739698624], [19.981625347157774, 49.95176288048631], [19.981815010425038, 49.951214177895245], [19.981863760361374, 49.95076584169769], [19.981787945640022, 49.950310207898745], [19.981649360385074, 49.94994357794586], [19.98164535851754, 49.94967739532417], [19.981540841459317, 49.949519126915455], [19.981529336479326, 49.949324630315985], [19.981718073173862, 49.94938778909056], [19.9818115307721, 49.949323781043994], [19.982106472546427, 49.94921397642908], [19.9824380528187, 49.94914423479936], [19.98267295069048, 49.94902041475767], [19.982824204795847, 49.948990900573236], [19.98305978653851, 49.948880842695516], [19.98321398994798, 49.94887005611951], [19.983385827640944, 49.948901953554376], [19.98372626419379, 49.94884820077322], [19.98390758582114, 49.94893269071322], [19.98411261254085, 49.948963439178186], [19.98453259262255, 49.94891074035523], [19.984699000867906, 49.94897558699755], [19.985414086496636, 49.94888437682388], [19.985499164851355, 49.94895363599867], [19.985700566744487, 49.94895135125885], [19.985807226019002, 49.94890867531595], [19.985963470099367, 49.948926765542666], [19.98624976762405, 49.94886309098654], [19.986738183569816, 49.94882932490176], [19.98692506816403, 49.94891457802615], [19.987196909226135, 49.94890894966315], [19.987317317904704, 49.948881677889496], [19.98741792826071, 49.948768544461856], [19.987627912856038, 49.94893510115399], [19.987807431009987, 49.948992954492205], [19.987979095930605, 49.94883377492059], [19.98820170070142, 49.94877052885874], [19.98823749511938, 49.94868488267087], [19.98820688348773, 49.94835022294617], [19.987993202456682, 49.94813400212586], [19.987918159825853, 49.94796475729909], [19.988049269040335, 49.94773922633175], [19.988260859284992, 49.947622834389804], [19.988795537456987, 49.94773476534004], [19.989830960116986, 49.948009126078], [19.990718533570387, 49.948077635203326], [19.99095796403922, 49.94804905750664], [19.991382513451697, 49.94806371974861], [19.99139276636183, 49.948159927690185], [19.991577539536625, 49.9483198740401], [19.991624459251973, 49.94849525590226], [19.991878473645123, 49.948509062984556], [19.992019610951868, 49.94848322530608], [19.99216491240245, 49.94837802899251], [19.992636795390524, 49.94832143593089], [19.99297693394955, 49.94837483171155], [19.99326602386926, 49.94838381514798], [19.993407552915173, 49.94833244342005], [19.993639661791388, 49.94830748314898], [19.994171484449556, 49.948410283093644], [19.99507448382375, 49.94849480750541], [19.99569010747835, 49.948836420470954], [19.995846580768646, 49.94897768241172], [19.995984178292254, 49.94926282398553], [19.996448436491693, 49.949935446931285], [19.99657026505084, 49.94999395639303], [19.996501311960888, 49.950147023929865], [19.996531387402065, 49.95048347486901], [19.99648219015784, 49.95079226556952], [19.997743269050908, 49.951076329938935], [19.998818279584636, 49.95127533387321], [19.999888373983502, 49.951362251857], [20.000523589665047, 49.95113098214711], [20.000665804335366, 49.95035291779462], [20.000671122712948, 49.95016998741676], [20.000621823823675, 49.950006907151696], [20.000890441494853, 49.94984746494264], [20.00142828630363, 49.94966732213497], [20.001546456521485, 49.94992999091238], [20.001804206600983, 49.94987817072792], [20.001940548421125, 49.9497943747153], [20.002407047491676, 49.949775909280376], [20.002834176357265, 49.949815008502284], [20.003860966699232, 49.94974371751679], [20.00405534608948, 49.94956178115126], [20.00419669863071, 49.94951857699874], [20.004787237016632, 49.94912703225124], [20.006144010547494, 49.94938602090181], [20.00625207823879, 49.94934855331574], [20.006378424785527, 49.94903898085691], [20.00608423044495, 49.94875637628647], [20.005387418537307, 49.94763078644839], [20.005419700172347, 49.94689547177926], [20.005137167947826, 49.94604083784921], [20.005084061304593, 49.94573062638088], [20.005152442166423, 49.94500164547792], [20.005379358506236, 49.944070727020566], [20.005777339203053, 49.943391327219636], [20.00605954957353, 49.94325932357345], [20.006154456014155, 49.94299407932305], [20.006630976937473, 49.942254657082], [20.007115136264993, 49.940912420145345], [20.007147461895674, 49.94071569374728], [20.007103843788073, 49.940526409543224], [20.006986855071446, 49.94036176318725], [20.00492339285907, 49.938616186302106], [20.004273552790792, 49.93786269806797], [20.003916336104677, 49.937559495184175], [20.00128921957356, 49.93552928490784], [19.999964308037878, 49.93496237444242], [19.9997502007071, 49.93480740310842], [19.99958946820389, 49.934577453243875], [19.999668196055627, 49.93425344983572], [20.0002630725535, 49.93330826927843], [20.000151985729826, 49.93317675526738], [19.99983019608555, 49.93308289687178], [20.000609135118797, 49.932706844228065], [20.000767525717496, 49.93256497463664], [20.001098762797533, 49.932376938811544], [20.001618297920828, 49.93115200640803], [20.001308649156233, 49.93113846064624], [20.000444393280958, 49.93142503673409], [19.99964768235458, 49.931556995942294], [19.997218774608662, 49.931665407266586], [19.994013741577998, 49.93203948025147], [19.99167113573256, 49.93214906350879], [19.9902602933706, 49.93208454799838], [19.989746021509372, 49.93202405234246], [19.988256425037946, 49.931622994112246], [19.987848451759394, 49.93155541487002], [19.986817495486417, 49.93149057558893], [19.98452118335785, 49.93145250870934], [19.982564472747505, 49.93128223395047], [19.982364064675096, 49.931300346817515], [19.981044154670872, 49.93160876491899], [19.980610405596074, 49.93158157528199], [19.980321214589456, 49.9315228361395], [19.979951945492967, 49.931285180491955], [19.97978651453136, 49.93111783219113], [19.9793135127352, 49.930845543784585], [19.978589655827456, 49.930619148871166], [19.977881657577818, 49.9305060022542], [19.97755519762351, 49.930306570385454], [19.977438843985873, 49.930209964879175], [19.977158636814426, 49.92979972931997], [19.976736892796843, 49.929410363403015], [19.976508530866433, 49.92897288979702], [19.976217705817696, 49.928630623816865], [19.976016964528064, 49.9286319985615], [19.97582032635072, 49.928420040803815], [19.97519372404197, 49.92835875809557], [19.97445539135998, 49.928338024767555], [19.974017624569782, 49.92822607486091], [19.97303690005854, 49.92804979275228], [19.97221268685573, 49.92773839842321], [19.97117841102738, 49.927500573594465], [19.969588609601935, 49.92739042970754], [19.96842031059491, 49.92746834003377], [19.968014712624132, 49.92746203402358], [19.966988509423118, 49.92730390835725], [19.96639205552753, 49.92707803216117], [19.966081668193514, 49.926918363505735], [19.965460297907054, 49.92629528508038], [19.964936979829698, 49.92588105210772], [19.96475420996839, 49.92580470121826], [19.964337831649008, 49.92540517708244], [19.96395838425221, 49.925544213409715], [19.96374296786301, 49.92558751605632], [19.963528171518625, 49.925374565682084], [19.96348596846435, 49.925283733848474], [19.963372091558746, 49.92520988471121], [19.963263064126597, 49.925234625818824], [19.962965830547105, 49.92506661428182], [19.96297619080914, 49.924895328639764], [19.96289901655061, 49.9249090249293], [19.962816471979007, 49.92486144091543], [19.9627679990582, 49.92477729636956], [19.962632269831374, 49.92473535075594], [19.962756045272233, 49.92463988900369], [19.962574511368096, 49.924480374169065], [19.96267088843404, 49.92448042705443], [19.962632241726592, 49.924451128674555], [19.962653241181123, 49.92430331615404], [19.96251612807194, 49.92413125076831], [19.962342390178428, 49.92404337777224], [19.962280393948753, 49.92407672104945], [19.962205185434488, 49.92403783409], [19.962243808283056, 49.923931989896126], [19.962352707987424, 49.92387415982053], [19.96235110963504, 49.92381237379338], [19.96222587048389, 49.92374903182326], [19.962264900118395, 49.92370855959298], [19.9622316941953, 49.923626979125714], [19.96200820068828, 49.9235149227474], [19.961907927872588, 49.923547203899055], [19.961875216461237, 49.92342966167871], [19.96178312097027, 49.92341840705975], [19.96171341482051, 49.92334387270486], [19.96162548802116, 49.923170987775045], [19.961555254243518, 49.92315345482665], [19.961476402549096, 49.92298604595094], [19.961249438765915, 49.92288663505103], [19.961167693467743, 49.92289930017464], [19.96107405512788, 49.92284972729398], [19.960963578241174, 49.922689407775], [19.960857019537652, 49.9226124746463], [19.96091137059097, 49.92249418367158], [19.961048526095677, 49.92248884871743], [19.96111006834307, 49.922444172710584], [19.96093904521308, 49.922392377881614], [19.96081866700266, 49.922284569888674], [19.960931998578932, 49.92219540044326], [19.96088806729987, 49.9220363064669], [19.96072840598633, 49.921864216655784], [19.960290217433286, 49.92167892988431], [19.96020500809182, 49.92152899655284], [19.95998118825998, 49.9215492884723], [19.959764833387442, 49.92152037337985], [19.959765858636025, 49.92147920140412], [19.959683001833657, 49.921446538235465], [19.95961669830395, 49.921304776514354], [19.959439344992106, 49.921146193280514], [19.959312042014055, 49.92128918504193], [19.959135265665793, 49.921343166122284], [19.95901149014827, 49.92133522154495], [19.959014481446225, 49.92126745231323], [19.958810718348513, 49.92122300321451], [19.958796967111923, 49.9209174376982], [19.958282819516622, 49.92098771968053], [19.957035425992835, 49.92125875167263], [19.954288900614753, 49.92155159846673], [19.953736646148123, 49.92163815100972], [19.951439350519756, 49.922130278449465], [19.95044860090764, 49.92238665589402], [19.94814360203413, 49.92290957928548], [19.94643673230864, 49.92334914610216], [19.94608509610206, 49.92337355495094], [19.945478732819915, 49.92333405476624], [19.94497674600338, 49.9233555644251], [19.944716175991708, 49.92330418975934], [19.94346121545272, 49.92376859468671], [19.943076340461975, 49.9235549556113], [19.94299700287453, 49.923431767901285], [19.942021057839938, 49.923014832855394], [19.941495001835364, 49.92265369811066], [19.940469277272047, 49.921414829193864], [19.940233022609185, 49.92130953752836], [19.940020620385873, 49.921164451081324], [19.93951000243863, 49.92058998923108], [19.939359810046877, 49.92019946205347], [19.939427700143362, 49.91980274705734], [19.939535535019655, 49.91968000970407], [19.93953690436975, 49.919611236983414], [19.93932710514388, 49.919411414552094], [19.939214797620323, 49.91936354137538], [19.939044167345628, 49.918857555238546], [19.938737228718832, 49.918211042515416], [19.938741310047565, 49.91716869082375], [19.93835633986323, 49.91711490435173], [19.93790036055417, 49.91700363972015], [19.93778145689212, 49.917059826734864], [19.93749010386354, 49.91696634302827], [19.937183869089985, 49.91704311188022], [19.937084168656025, 49.91710621783545], [19.93701390867296, 49.91707167570581], [19.936785003392202, 49.91705141428653], [19.936742232754387, 49.91712196538569], [19.936664180149585, 49.917131500056016], [19.936642395860098, 49.917089939215316], [19.936517242599916, 49.9170629857967], [19.93635083122504, 49.91706946200969], [19.936292482549675, 49.91710750051128], [19.93618851609462, 49.91711760639436], [19.93597201009231, 49.91699585270662], [19.93578194726084, 49.91702665799088], [19.935543952833616, 49.91700181493528], [19.935196369500275, 49.917065341085305], [19.935108385750713, 49.917032613190216], [19.935050886806508, 49.91696249063209], [19.93501671049678, 49.916813456672784], [19.934788932706688, 49.916659947011986], [19.934643171130038, 49.9165066509215], [19.93456444028636, 49.91650907462834], [19.934431821382713, 49.916435564082235], [19.934210260158434, 49.91622762163934], [19.93396130959796, 49.91604307473288], [19.933828970723294, 49.915988538216446], [19.933862522204034, 49.915919431973194], [19.93363425205545, 49.915895933195024], [19.933396186521488, 49.91574205640021], [19.933131169937212, 49.91566741640864], [19.932968960489198, 49.915546785978776], [19.932683070586467, 49.91543373882148], [19.932690366173045, 49.91516001342604], [19.932960256802083, 49.91503256935698], [19.933015830169403, 49.91483634569957], [19.933391842197715, 49.91448715643702], [19.933458273846504, 49.91434776908546], [19.933405627946794, 49.914196766384634], [19.933397209375038, 49.91382722630374], [19.933350399811452, 49.913777791810645], [19.93327425537783, 49.91343595207875], [19.933251850059925, 49.913182903648156], [19.933290414901013, 49.91300010057752], [19.933212487653357, 49.91284643746691], [19.933388203949185, 49.91268260936645], [19.93360881584555, 49.91261702192589], [19.933621275862993, 49.9125381907136], [19.933549452814628, 49.91242972152864], [19.93371740698784, 49.91230205748071], [19.933674365190196, 49.91225229808643], [19.93348435269966, 49.91221215672297], [19.933392907837604, 49.91222947856926], [19.933337647163594, 49.91217187392469], [19.933404628007256, 49.912146324625574], [19.933290221327958, 49.912068394507955], [19.93323640687229, 49.91210935049973], [19.93312192247408, 49.91212331313641], [19.933111815715424, 49.91208914217647], [19.933006729007527, 49.9120495116114], [19.933092038968486, 49.912007316947296], [19.933087199109618, 49.91191744683475], [19.933034727880692, 49.911903836385015], [19.933080288819106, 49.91185830877182], [19.933236507614843, 49.911808134511055], [19.933191738710264, 49.91176096659199], [19.93328156180862, 49.91174138209894], [19.933294140298596, 49.91170768958076], [19.933187765675044, 49.91166966580697], [19.933177204641172, 49.91155510621113], [19.933069032989987, 49.91152282038589], [19.933138795951717, 49.91140899981147], [19.93310703493795, 49.91138443040832], [19.93327039383572, 49.91140184834013], [19.933258896157888, 49.91144966753426], [19.933365517360627, 49.911432305563004], [19.933432130992255, 49.91137285472454], [19.933446529538312, 49.911288196837035], [19.933570591501343, 49.911275490866586], [19.933579912164458, 49.91121272564602], [19.933663659961777, 49.91112762649719], [19.93384982142044, 49.91107700743158], [19.93395488081333, 49.91093464800416], [19.934027028126028, 49.91093360286091], [19.934080836110397, 49.91086126592717], [19.934044698599784, 49.9108204717572], [19.93400304928118, 49.91084022996017], [19.933965017911042, 49.91081587289335], [19.934015588416667, 49.910745124704775], [19.933917207378776, 49.9105972084003], [19.933925825949963, 49.91054100052413], [19.933861909309613, 49.910528723865426], [19.93389785402535, 49.91047087900232], [19.93382491598677, 49.91041940613116], [19.933825057862745, 49.910375079085405], [19.93395950337285, 49.91035230772071], [19.933862529424456, 49.910285867754375], [19.933775805629306, 49.91027868636746], [19.933729679047367, 49.910337336724886], [19.93368582948728, 49.910286400984454], [19.933621696954653, 49.9103091892594], [19.933499074427925, 49.91025042567967], [19.933632684477406, 49.91017082040031], [19.933595722971493, 49.91013586301468], [19.933672722290304, 49.91009152343424], [19.93362555897051, 49.91008353681577], [19.933690186653784, 49.90998144759965], [19.933770064144575, 49.9099770569139], [19.93384901795858, 49.90990719917876], [19.933780481386552, 49.909851900373084], [19.933911309560422, 49.90984788814991], [19.934072060559465, 49.909617024224914], [19.934096970778956, 49.909699705745474], [19.934137030933535, 49.909714100800514], [19.934216406502454, 49.90968192129712], [19.934318944719116, 49.909710647592654], [19.934332590544567, 49.90968532690668], [19.93446784305669, 49.90968270344981], [19.93453924129494, 49.90962077829868], [19.934464185743387, 49.909589607273354], [19.93451983965159, 49.90954713904256], [19.93431445787261, 49.909446704283695], [19.934254707036285, 49.90948553814152], [19.93422515945928, 49.90943005843583], [19.93408755955741, 49.909463411141566], [19.934094850554757, 49.90939792974009], [19.9340436271351, 49.909340452425084], [19.93411598600362, 49.90930443203519], [19.933921902942846, 49.90914628474009], [19.933845262485736, 49.909206003344586], [19.933757115963502, 49.90918765932965], [19.933803625309068, 49.909130541036575], [19.933744599390202, 49.90904808523893], [19.933770666505453, 49.9090277342713], [19.933607444252395, 49.908947647141716], [19.933531761922715, 49.90894497296731], [19.933559257209886, 49.908929310789944], [19.93347025598061, 49.90884873713853], [19.933411348988397, 49.90883668612953], [19.933478819920918, 49.908776074231575], [19.9334530805483, 49.90864267256728], [19.93335035640948, 49.90864775202873], [19.93341378719106, 49.908599871010786], [19.93341701529119, 49.90845981227963], [19.93330570431169, 49.908456540487094], [19.933384865050407, 49.90844665863025], [19.93348477625043, 49.90837339728076], [19.933280522751826, 49.9082978776369], [19.933275877168246, 49.90826231825757], [19.93313669549398, 49.90817184156548], [19.933001411095088, 49.90816978755675], [19.932981699502303, 49.908085085552024], [19.932729813064462, 49.90802935760692], [19.932775433858236, 49.90812607705692], [19.932627800365907, 49.908040107653825], [19.93244437210107, 49.908055682850176], [19.932363445045834, 49.908000538851155], [19.932138238378737, 49.90794721323403], [19.932068196952322, 49.907834173734486], [19.93193343598449, 49.90787150631513], [19.931937689088613, 49.90780500797159], [19.931890314746166, 49.90777516921107], [19.93199812569964, 49.90765945183553], [19.931538090127823, 49.907616729950455], [19.93143122662609, 49.90765171145062], [19.93114941917373, 49.90762079076739], [19.93111581598201, 49.90747814466419], [19.93116870254388, 49.90744752137217], [19.931089153099293, 49.90734275577122], [19.930946622945363, 49.90734108214255], [19.930849452122526, 49.907258812638254], [19.930908516066392, 49.90703690606423], [19.9310178186482, 49.90701120883554], [19.9311737977509, 49.906895666510934], [19.93112611148372, 49.906709910929614], [19.93104103882141, 49.906691323415075], [19.93089336498891, 49.9067334811043], [19.93077777094956, 49.906728908564645], [19.930520763722125, 49.906659641224515], [19.930440226758343, 49.906568173556835], [19.930377375548872, 49.90641986248675], [19.93049314534494, 49.906359787736534], [19.930490985396798, 49.906293769767224], [19.93064264746441, 49.90628527780308], [19.930581694571014, 49.90608887949894], [19.930637968346282, 49.9060624238018], [19.930547968568163, 49.90592042627704], [19.930619161973173, 49.90592440974919], [19.930551213027, 49.905830360767425], [19.93043484381977, 49.90584834954636], [19.930410079024494, 49.905778346605324], [19.930258524022726, 49.905845014645564], [19.93020432620278, 49.90580908788269], [19.930195419752394, 49.90569562213298], [19.930267374179056, 49.90561482242635], [19.93019148248501, 49.905558914084], [19.930244761164527, 49.905497903349556], [19.930157593138286, 49.90536645175374], [19.930039212487472, 49.90543135752524], [19.929916216855887, 49.905383915987805], [19.929958783879947, 49.90532883087583], [19.929780592686438, 49.9053535316448], [19.929749585154156, 49.905307748151166], [19.929627293902502, 49.90527254132974], [19.929551681427206, 49.905090843190074], [19.929521263555174, 49.90483601125658], [19.929429386995675, 49.90477905567411], [19.9294311731415, 49.90474238659036], [19.92983348576389, 49.904693319853415], [19.929870739157398, 49.904645558809044], [19.929791596447625, 49.9045793698059], [19.929720222145185, 49.90457736229324], [19.92976441900979, 49.90454297288431], [19.929933392276766, 49.90466421005269], [19.9299461594296, 49.904791918140035], [19.930095373051092, 49.90482467557687], [19.930153683746873, 49.90480048679753], [19.930242498327402, 49.904530120692854], [19.930359928179183, 49.90450180159872], [19.930482039500053, 49.90431842111369], [19.930453490238694, 49.90406702343299], [19.930493998457518, 49.90387830449863], [19.9304287284529, 49.90370731233068], [19.93030436683849, 49.90367145769775], [19.929999378818046, 49.90366999244683], [19.93005954347684, 49.90352416496238], [19.930216368546013, 49.903445497100996], [19.930225674023536, 49.903396129350675], [19.93031311651305, 49.90337023111011], [19.93031171043555, 49.90329531840944], [19.930045098422255, 49.903195389999], [19.929840193637343, 49.90320087214355], [19.928753837904832, 49.903053179930275], [19.92837057223161, 49.90305368464794], [19.927826166158532, 49.9031390172342], [19.927161830852008, 49.902951062995946], [19.92645681428772, 49.90267065464597], [19.926274565441638, 49.90266528061373], [19.92617859639895, 49.90273659418028], [19.926140720584968, 49.90285619091523], [19.925990015103604, 49.90300387528416], [19.925807362817938, 49.903116915718876], [19.92556166844529, 49.903147458551835], [19.92542753006903, 49.903226060638374], [19.925270550222553, 49.90319232602423], [19.925204977151147, 49.903142354527475], [19.924851872047604, 49.90316380778082], [19.924480003383394, 49.90298978907521], [19.92414957983971, 49.90291784834827], [19.92397635341177, 49.90316395865221], [19.923664738942566, 49.90322895283543], [19.923163860095855, 49.90325963919261], [19.923111750236576, 49.90322408812991], [19.92315663090123, 49.90309035074723], [19.923106536414622, 49.90302056052247], [19.922985539330316, 49.902965217559476], [19.922800297139982, 49.9031192307708], [19.922802040873506, 49.90317220730654], [19.922642625037074, 49.903179178302096], [19.922519096326816, 49.90341873476546], [19.922670089748163, 49.903414922649134], [19.922680232613565, 49.90347831752419], [19.92284620372196, 49.90353335927135], [19.922863586413147, 49.90358423318859], [19.922816060365584, 49.90364916038487], [19.922763960880555, 49.903688149358906], [19.92263497014239, 49.90370412482177], [19.922557390339065, 49.90376202899151], [19.922546249547363, 49.90382468661009], [19.922326777868076, 49.903846474693616], [19.922148784385545, 49.90392484522899], [19.921899549138676, 49.90393907266248], [19.92179049496325, 49.903978700541415], [19.921369747898062, 49.90393036905235], [19.921044020982297, 49.90385999174613], [19.92105764927344, 49.90375455754907], [19.921012787719757, 49.90369992094798], [19.920916735855005, 49.90370586070119], [19.920863486760307, 49.90388366793852], [19.920506751167903, 49.90396765550101], [19.920413070093097, 49.90401704618345], [19.920333390334783, 49.90391317100811], [19.920388630469773, 49.90382089236361], [19.92030345292331, 49.90382612361585], [19.920206352320474, 49.903766774228735], [19.920219350986685, 49.90369586188413], [19.920033606807728, 49.9037034832756], [19.919985310107126, 49.90358452456137], [19.920042234637506, 49.90345422742786], [19.919955060790443, 49.903405490414734], [19.919719220011093, 49.90351820568617], [19.919827596258862, 49.90358377479372], [19.919899205600906, 49.90368739531989], [19.919739668523846, 49.90373086696894], [19.91986989157641, 49.90383431423628], [19.91953138601094, 49.9038375444989], [19.91954310885201, 49.90366798282861], [19.919492151813433, 49.90349990514752], [19.91958577441948, 49.9033534057109], [19.91954573811301, 49.90320125496254], [19.919100344930786, 49.90307257066065], [19.91901795056416, 49.90285987124562], [19.918907727106042, 49.90281478492442], [19.918861721966586, 49.90272426044385], [19.918878699981597, 49.9026746953589], [19.919078130840216, 49.90260264393806], [19.919319418454975, 49.90258870817409], [19.919595314374043, 49.902714373809616], [19.919768894352043, 49.902677776865204], [19.91974845732943, 49.90255188431321], [19.919838672034658, 49.90251424082784], [19.919686230467008, 49.902302507804976], [19.919429373552415, 49.902290583344445], [19.918706724093276, 49.90215373859523], [19.918800425542763, 49.90196632884349], [19.91878439354225, 49.901873925822045], [19.91894786333717, 49.901859804679184], [19.918966661023855, 49.9016166679902], [19.919060224946737, 49.901447779374564], [19.919212147096605, 49.90145198293403], [19.91931200872051, 49.90138125087223], [19.91868817096344, 49.900897442878], [19.918188697850656, 49.90066700549568], [19.91779607081979, 49.900284077033994], [19.916974873572656, 49.9001980930043], [19.916806193789846, 49.90014670401396], [19.91636009229472, 49.89981506253003], [19.916308430811863, 49.899610740662744], [19.916084053379, 49.89941730261211], [19.914922730320963, 49.89913588400294], [19.914746579075814, 49.89899585502421], [19.914836798066524, 49.89880275106277], [19.91522040512496, 49.89869241728113], [19.91532879291172, 49.89852079295498], [19.915116742571332, 49.898541557786906], [19.91493010557638, 49.89851535426597], [19.914751831429083, 49.898550731119236], [19.914474956794198, 49.89880529849097], [19.914602359751136, 49.89882240626914], [19.9138292386901, 49.898952467950586], [19.91371156266673, 49.898874127882365], [19.913549209651887, 49.89885129669918], [19.912534817525877, 49.89915613298701], [19.911318309040766, 49.899385871415674], [19.910763491042133, 49.89942714722843], [19.910117557180175, 49.899385291012436], [19.90998469311439, 49.89933872450088], [19.90987464508128, 49.89919391454121], [19.909730489719415, 49.8992777993276], [19.909505661398953, 49.89924763132661], [19.909267106549812, 49.899320017617335], [19.90924041425091, 49.89940491679005], [19.909144515419552, 49.89945994224443], [19.908987538103396, 49.899383925091115], [19.908652838918723, 49.89942339539605], [19.908616198742013, 49.899498759634604], [19.908354491212606, 49.89949899347626], [19.908213236759465, 49.89946034844444], [19.908135407319943, 49.89952885074748], [19.908186470706877, 49.89955459792742], [19.90808983956808, 49.89962966684176], [19.908029247514047, 49.89957586606601], [19.907993864363736, 49.89959549414542], [19.907985708261794, 49.89967930878136], [19.907827580482646, 49.89966046567712], [19.907783485463142, 49.899696016645976], [19.907499002157554, 49.89969999031112], [19.907456681274304, 49.89965697145384], [19.907280668153042, 49.89969658418531], [19.907225769147676, 49.89966810298285], [19.90707009256835, 49.89971330200463], [19.90700398111445, 49.899632743668896], [19.906955309183598, 49.899692168786785], [19.906863844423988, 49.89972331655356], [19.90673781041669, 49.89973804337818], [19.906684818485562, 49.89971758240778], [19.906644307593922, 49.89977312805155], [19.906319682276767, 49.899828601721154], [19.906374400052982, 49.89986508415102], [19.90609612974516, 49.89996361449736], [19.906061478443128, 49.89994467500897], [19.90597384727844, 49.89999707837545], [19.905992489481644, 49.90008375328126], [19.905940331830255, 49.900112573708725], [19.905968088039412, 49.900159411992476], [19.9059280749843, 49.900199046983865], [19.905766599827206, 49.90024814584108], [19.905759043665718, 49.900305260988176], [19.90559890660173, 49.90036902851725], [19.905408534592, 49.900501655663874], [19.905330359265758, 49.900492915142095], [19.905316979844237, 49.900536667743204], [19.90518158438582, 49.90060201701587], [19.90518892301677, 49.900640660189666], [19.905094393892185, 49.900720961576326], [19.904998819449535, 49.90076133039577], [19.904963876844256, 49.90084749940946], [19.904833450338238, 49.900871623847436], [19.904821282885607, 49.900954051633605], [19.904614994349146, 49.901063958273475], [19.904526867952683, 49.90104586187681], [19.9044892860017, 49.90106411937777], [19.904491802145447, 49.90113742453124], [19.904418554624524, 49.90109546110806], [19.904407412542096, 49.90113258097282], [19.90428464338411, 49.90118734852093], [19.90401072942091, 49.901271258762705], [19.90395561876272, 49.90125212526189], [19.90387378634493, 49.90131258436224], [19.90383957766562, 49.901280250943536], [19.90371580568814, 49.901287083286064], [19.903768284678925, 49.901330199540375], [19.903728723159855, 49.90134978681697], [19.903653075184412, 49.90132776152414], [19.90360304464459, 49.90134859850727], [19.90359365744527, 49.90140039116392], [19.90318403204076, 49.90147114723411], [19.90317709487521, 49.90150695801957], [19.903062606835803, 49.901497243061925], [19.90301811523677, 49.90155005230436], [19.90287530096126, 49.90157396743052], [19.902884779235862, 49.901640954472285], [19.902791718157047, 49.90169923850213], [19.902661896516445, 49.90170268559137], [19.902566902746155, 49.90180932585328], [19.90245615062424, 49.90178831626641], [19.902336526957583, 49.90188833917934], [19.902224607369778, 49.90191263588519], [19.90217963094729, 49.901986750260996], [19.902081779837673, 49.90194320368039], [19.901843476233214, 49.902095422341816], [19.901785947172037, 49.902090831268346], [19.901762109775753, 49.90204933414008], [19.901530137488447, 49.90210045684654], [19.901556697287095, 49.902114015997704], [19.90152289483077, 49.90214966209351], [19.90139682233267, 49.90216573149981], [19.90140533734022, 49.90224439858898], [19.901271488350353, 49.90232702179021], [19.901285328210164, 49.90235511674699], [19.900945430581572, 49.902530288456425], [19.900956972196685, 49.902567622995235], [19.900896158243885, 49.9026218052797], [19.90092044862063, 49.90264334556955], [19.90075942314326, 49.90274558196844], [19.900793890478692, 49.90277261371082], [19.900652313434332, 49.90283376297583], [19.9006823948467, 49.902870014494816], [19.90065530802231, 49.90288576269878], [19.900624803690718, 49.902868119733164], [19.900564107010933, 49.902904859290025], [19.900603975124966, 49.90296377248926], [19.900525510917475, 49.90297372848624], [19.90038783461164, 49.90304696313279], [19.900388681904175, 49.903101550056036], [19.900241126452453, 49.90315616818701], [19.9001720361748, 49.90329263446034], [19.90006350282417, 49.903351488869845], [19.900006889161325, 49.90348411710143], [19.899936486652482, 49.90350071303213], [19.899835001202295, 49.90361691045121], [19.899831097755865, 49.903696718636496], [19.899770115343504, 49.90375206763433], [19.899683147228092, 49.90376859614159], [19.89970888944663, 49.90381811426828], [19.899645908932495, 49.90386948794552], [19.89969165753829, 49.90393915723236], [19.899536404199626, 49.9039709527262], [19.89942553734506, 49.904040484370256], [19.899341190382312, 49.90403968375393], [19.899143596473888, 49.90420684964281], [19.89918410017821, 49.90423780554469], [19.898977547955553, 49.90443150117312], [19.89883044929052, 49.904435229516174], [19.898835902583265, 49.904562602052216], [19.89909560526657, 49.904633314138785], [19.899113094791037, 49.90473958080811], [19.899195177534647, 49.90478486840096], [19.89908628191348, 49.90490225362408], [19.899194218264782, 49.90524298015692], [19.899149121273283, 49.90529758047062], [19.899239964086213, 49.90537397213139], [19.89922706685616, 49.90540846726631], [19.89905866920331, 49.9054242222531], [19.89895611518111, 49.905538160842525], [19.898990643220472, 49.90562984311729], [19.898812147520406, 49.90576499991497], [19.89885001181293, 49.905814093840675], [19.898730988876647, 49.90598479250682], [19.898461465262343, 49.906161614348065], [19.898400924806257, 49.906148451005585], [19.898308502282248, 49.90624531135854], [19.898124553805392, 49.90651573850181], [19.89816904662449, 49.90669554322279], [19.897902557326876, 49.906958891545415], [19.897806837779203, 49.90699259929926], [19.897771659456513, 49.90703947067987], [19.897690743898387, 49.90705281826797], [19.89758441934864, 49.90722804232767], [19.897568436467466, 49.907397831134176], [19.897486574440553, 49.90757481623712], [19.897249174172906, 49.90772829283692], [19.896968122303083, 49.908202352908496], [19.896781085588046, 49.90828401536875], [19.896770858211717, 49.908494320882575], [19.896582557805402, 49.90874114619838], [19.896523447764185, 49.90876890715753], [19.896484682031243, 49.90886915394483], [19.896515669208185, 49.90889624372228], [19.896443299753106, 49.908974231265546], [19.89616805763648, 49.909083286790306], [19.89607505449402, 49.909205136387804], [19.89593003415166, 49.90926354963583], [19.895835162022557, 49.90936964599261], [19.895687167230626, 49.909448531399164], [19.895351627402313, 49.90953345280829], [19.89488881794254, 49.90998437620266], [19.894828293266837, 49.91018359209263], [19.894737333061506, 49.91021581411093], [19.894507775555592, 49.910561239979316], [19.89417869766721, 49.91078936542545], [19.89352080167012, 49.91112431970214], [19.89322847356521, 49.91134029483334], [19.8933123879467, 49.911421390459346], [19.893061832882413, 49.911472948346585], [19.892146471078068, 49.91154638961718], [19.891169158883052, 49.91150386942918], [19.891078514409028, 49.911528179019456], [19.890760767391733, 49.911485936671475], [19.888520155938576, 49.91224288202179], [19.88727114254116, 49.91275241447948], [19.886724044215164, 49.91286809992571], [19.88656042772866, 49.91320703981204], [19.887142565615857, 49.91329939670739], [19.886828678679077, 49.91372420285682], [19.88691773136809, 49.913987072058305], [19.886607364124465, 49.91472436840005], [19.886462901982267, 49.91557960799653], [19.88648118111974, 49.916049592932325], [19.884941495422, 49.915704807273464], [19.884957995908305, 49.915623322494994], [19.884326766811412, 49.91557544027529], [19.884288300395177, 49.91540189255453], [19.883964750411028, 49.91532666668433], [19.883819654690424, 49.91556786269838], [19.883630897415273, 49.91575801566373], [19.883520400234417, 49.91582142139125], [19.88324456415151, 49.91578441749604], [19.883197465011545, 49.91569539694104], [19.883305698204378, 49.9155612060649], [19.883305647265356, 49.91538856743476], [19.882764645066487, 49.91539540504715], [19.882058059382885, 49.91578836041852], [19.881628418234644, 49.915893015580316], [19.88145092770251, 49.91609532237767], [19.881226921566192, 49.91612328317603], [19.880723971840478, 49.916140189302965], [19.880687278674472, 49.91611915451664], [19.88066027529717, 49.91614272152429], [19.879859975177503, 49.91600542514494], [19.87953020378561, 49.91601851394485], [19.8790166039089, 49.91576205590269], [19.878468819303997, 49.915766919687144], [19.878387392985594, 49.91583743529568], [19.87849043089574, 49.915927808091695], [19.87896691297772, 49.91613949127552], [19.879102638578754, 49.91616544020598], [19.879188441490594, 49.91608031014135], [19.879323838647682, 49.91620453350777], [19.879529513674708, 49.91626460656775], [19.879726849027808, 49.916239898099995], [19.879770899171938, 49.91646025745984], [19.87991296384623, 49.916525200172295], [19.880094397317876, 49.916507710565064], [19.88002386810714, 49.916799165501196], [19.87977768826693, 49.91697859712474], [19.880362437328593, 49.917200132067926], [19.880946223465422, 49.917487562939876], [19.881504573673723, 49.917670892900695], [19.88073787914599, 49.91877557232648], [19.8806185011348, 49.91875895454564], [19.880379153479414, 49.91910003180049], [19.881287210342542, 49.920035286340905], [19.881637898311553, 49.91975129854441], [19.882290482088592, 49.92010052851792], [19.882433080267898, 49.92021528646559], [19.883538455468138, 49.920725954687775], [19.883771232953922, 49.92078942808512], [19.883340572069255, 49.922003548488966], [19.883113726237173, 49.922424506710875], [19.883270392564942, 49.92243105076251], [19.883167156699844, 49.92308967733335], [19.883003438817592, 49.923514749936636], [19.88297358183438, 49.92411968407862], [19.88228605141279, 49.92419506253969], [19.88230390909523, 49.923964870954535], [19.880954172181852, 49.92411666947203], [19.880786762593626, 49.92410471360312], [19.879355679120014, 49.92446080586533], [19.879406377524386, 49.924731042521515], [19.878434390166483, 49.92480814488872], [19.8772149973159, 49.92479733429167], [19.877005837938967, 49.92481985599185], [19.87608813587667, 49.9250718107106], [19.875588106347863, 49.92496508915826], [19.8751825341031, 49.92474356028709], [19.874965845339993, 49.92437747994969], [19.874540818430845, 49.92459104151978], [19.873952422160382, 49.924768487728116], [19.873895132579943, 49.92481234973767], [19.873796754877695, 49.92501766079226], [19.87396145103189, 49.92590537831227], [19.873557250305403, 49.92606123285186], [19.87278258121685, 49.92626995258662], [19.87252940326725, 49.92638788837772], [19.87201046197452, 49.92671525987616], [19.87131766847131, 49.92709119995173], [19.870580615833948, 49.92736393134955], [19.86998121039089, 49.927444231321914], [19.865425216403466, 49.92718359028528], [19.864356371248384, 49.92671464855837], [19.8599765774085, 49.926150704376845], [19.854404155683444, 49.930813934722316], [19.850211532429707, 49.93125942593882], [19.849744348766087, 49.93143444456912], [19.849641809320357, 49.93138837975495], [19.849636710320205, 49.931315857172045], [19.84969808164532, 49.931294886169994], [19.8496657610745, 49.93118387942975], [19.850010821128965, 49.930895974950005], [19.850041646997852, 49.93035570775584], [19.85018855932339, 49.92996522211252], [19.85025159647158, 49.929862444087604], [19.850298215715895, 49.92985841048772], [19.850298153353346, 49.929749791755455], [19.850453681991294, 49.92967616404112], [19.850454871200444, 49.9296320272407], [19.85063995745748, 49.929498628601216], [19.850558469976647, 49.92930549136011], [19.850398939412553, 49.92915509962393], [19.850305594167153, 49.92898621178975], [19.850234465314678, 49.928849554117534], [19.85022594604416, 49.928715854963755], [19.8499969270149, 49.92847126138187], [19.849621688503106, 49.9283366224977], [19.849601791722893, 49.9281601903843], [19.849274219907205, 49.92752132641258], [19.84907561623988, 49.92586544596743], [19.848920333808483, 49.925513952743515], [19.848846606686237, 49.925048176739075], [19.848551818647557, 49.924595401665485], [19.848371672627696, 49.92409529974084], [19.848166362130673, 49.923307127179065], [19.848147095818355, 49.92308115732048], [19.8482764246816, 49.92289640611307], [19.84822976015073, 49.92254608036949], [19.8485607508241, 49.92205141374052], [19.84879582814319, 49.921899721910286], [19.848914804184947, 49.92165822024988], [19.849419304068917, 49.92105251889867], [19.849612460886163, 49.9207718298826], [19.850019849203562, 49.919933089771966], [19.850152331781086, 49.91973218284928], [19.850454537003966, 49.91943908626311], [19.850802825150282, 49.91918735727608], [19.85141915978872, 49.91880772473439], [19.852003768338975, 49.91849701002284], [19.85290112165671, 49.917905432322144], [19.854150812330992, 49.91699471179402], [19.854562701623923, 49.91662545056234], [19.854645070174396, 49.9165108122262], [19.85468934934378, 49.91592311007749], [19.85359356590214, 49.91433228061843], [19.85343631490859, 49.913782059202255], [19.853345614317487, 49.913678568325025], [19.85230176561684, 49.91300106560506], [19.851216397793504, 49.91264234349194], [19.850677131536997, 49.91238388646855], [19.850139447176456, 49.912170400556725], [19.848922393627095, 49.911735630770835], [19.848411204999056, 49.91146845022719], [19.84740616649494, 49.911071915965934], [19.84551715894155, 49.910452755128574], [19.84516010252217, 49.910420156785406], [19.845007127206287, 49.91036000794019], [19.84365520470851, 49.91007840458827], [19.84256276526458, 49.91004961201495], [19.840632014071925, 49.90986334966753], [19.84014242779312, 49.90984181909202], [19.83970929454945, 49.90973642021407], [19.83870057708554, 49.909648275121114], [19.838397182300135, 49.90948042013048], [19.837845723491082, 49.90931646242443], [19.837270645910838, 49.908878380993755], [19.83714854311234, 49.908814574983936], [19.836887935148656, 49.908778512411885], [19.836155183273235, 49.90832068061654], [19.835760220441223, 49.90812276671856], [19.835675464856283, 49.908040361829016], [19.835392369244364, 49.90756231243167], [19.83533749995287, 49.907262250887484], [19.835358468074013, 49.9069928031798], [19.835273311886297, 49.90676526939354], [19.835355463263618, 49.90649895387373], [19.835348929992108, 49.90632508045519], [19.835110634987018, 49.90618403611645], [19.83467871089524, 49.90635961819388], [19.834339298992244, 49.906434073953456], [19.833101289409107, 49.906348789719374], [19.832893374848503, 49.90673756245001], [19.832472285786146, 49.906948222747346], [19.83233886489986, 49.90696153558324], [19.832270215875873, 49.907019649385546], [19.832302263499027, 49.907082014228635], [19.83205123508998, 49.90688041175445], [19.831980731287985, 49.906750132476105], [19.83170959369291, 49.90651083165976], [19.83175987817551, 49.90611211077211], [19.83188330941662, 49.90587246903109], [19.832051574828235, 49.9053327790908], [19.832399068834263, 49.90447928817519], [19.832540543552973, 49.904328125027185], [19.83283487248975, 49.90412527008684], [19.833181200246152, 49.903688526305004], [19.833219144396743, 49.90355834989647], [19.833080435754187, 49.903283429112996], [19.832651941404958, 49.902988866638886], [19.832627241121134, 49.90291057074032], [19.832856131099813, 49.902771167092546], [19.83312714889845, 49.90252428756981], [19.833112097324037, 49.90244995526521], [19.83282102379602, 49.90207989791984], [19.832513039584136, 49.90185119759146], [19.83235960847778, 49.90177709025097], [19.83207452833718, 49.901666589406545], [19.831744606277173, 49.901602931965805], [19.831460674566852, 49.90149109242989], [19.831115154923157, 49.90146809794382], [19.830067978103823, 49.9015619293018], [19.829814630076353, 49.90161314261329], [19.82885956198387, 49.9016454907765], [19.82859080465086, 49.90162587164609], [19.827878588020834, 49.90141977944947], [19.827429785584012, 49.90121266044911], [19.827267573591033, 49.900909710689454], [19.8271160618992, 49.900814305635436], [19.826158412991855, 49.90054053057891], [19.825893696120072, 49.90039488352421], [19.825881049001453, 49.90028505765693], [19.825995349131283, 49.90005513031641], [19.825989614071784, 49.89981535556429], [19.82587563420785, 49.899533123258344], [19.825719073607402, 49.89938794152574], [19.825316777585172, 49.89870562820505], [19.82530428560039, 49.89862961232384], [19.825397081678098, 49.89848839482841], [19.825428075381566, 49.89826104083277], [19.825309942970904, 49.89809277963767], [19.825205378151328, 49.89801358297558], [19.82456145931586, 49.89780654357326], [19.824331684815803, 49.897690200102275], [19.824126996652872, 49.89764136796482], [19.823955664735358, 49.89761184613766], [19.823253792319694, 49.89761893167829], [19.823352526313403, 49.89744549610137], [19.823600094374004, 49.8971734038743], [19.823760758919658, 49.89686868908132], [19.823857326470396, 49.89658382479384], [19.82384260659722, 49.8962731944942], [19.82387341101472, 49.89621991685675], [19.82419543122851, 49.896022579654385], [19.824489851244234, 49.89568927803133], [19.82454286303413, 49.89555835783951], [19.82459915149947, 49.895281087084555], [19.824492645428585, 49.89492115130273], [19.824424091526573, 49.89483818281275], [19.82437969109052, 49.89431109271172], [19.824207786442617, 49.89400777017045], [19.823923457930402, 49.893823165510256], [19.823611992543057, 49.89374150876664], [19.823399937805313, 49.89372730822714], [19.822319993463754, 49.893812644265815], [19.821511004068366, 49.89402534870866], [19.821083785338537, 49.894101660492176], [19.82040637591491, 49.894135053127926], [19.82012954494024, 49.89410589086625], [19.819962746066036, 49.894033788852816], [19.819847471931404, 49.89394926310739], [19.819745782435827, 49.893804271904756], [19.820144657806928, 49.893634523278145], [19.820636211649266, 49.89328273623998], [19.82079432674807, 49.89303716438131], [19.820967860679122, 49.89248432502403], [19.82107759412821, 49.892270630645044], [19.821092580791245, 49.89196398834738], [19.821143425712055, 49.89181938029108], [19.821044396836648, 49.891496652530115], [19.820909085667257, 49.89133783293779], [19.820613208676928, 49.8910914199003], [19.820397282551422, 49.89095677638608], [19.820133909201562, 49.89084448839643], [19.819827628792098, 49.890579804328475], [19.819679914896394, 49.89051320116294], [19.81942655045417, 49.89031028777793], [19.819327713439044, 49.89018564625055], [19.81935483854111, 49.889935235497774], [19.81908891713933, 49.889619708022686], [19.818436721136656, 49.88910746313025], [19.818395795918352, 49.889016590109705], [19.818134262630497, 49.88881817629601], [19.81749456025961, 49.88851313092284], [19.81717954292999, 49.8884533600786], [19.81709542063673, 49.88837049802021], [19.816651738262532, 49.88834780725048], [19.81542424160689, 49.8884387660171], [19.814859131728962, 49.88865760213162], [19.813744000452918, 49.888887893295646], [19.812966549067795, 49.88888335289011], [19.812731138367656, 49.88884074976456], [19.81217026235908, 49.888648248283225], [19.811686059692732, 49.88843935590494], [19.811151522066517, 49.88809282270635], [19.81107196905787, 49.887943374970035], [19.8112343909825, 49.88786366602887], [19.81139864395058, 49.887873712295196], [19.811630882533088, 49.88797724901918], [19.81182692989255, 49.88813211636316], [19.812127363856845, 49.88826970996074], [19.812473922303575, 49.888257524775916], [19.812891805289983, 49.88808934444461], [19.813038786611457, 49.88794113835764], [19.813085261469382, 49.88781663023399], [19.812968220807736, 49.886596613871774], [19.812565142627616, 49.886071150318514], [19.81178044580278, 49.885615326499305], [19.810746242664557, 49.88536347646811], [19.810483840744972, 49.88527608313809], [19.81034500300382, 49.88518923786337], [19.809942275311116, 49.88544918956574], [19.809538959535033, 49.88565932006985], [19.80710053613458, 49.886663800754626], [19.80564630681245, 49.88683585529436], [19.804820773463472, 49.886891818153224], [19.80480212961448, 49.886857817334985], [19.80451302045135, 49.88692775888465], [19.804305903952038, 49.88701365133185], [19.803765622060272, 49.88754416047721], [19.803385044305923, 49.88782913496078], [19.80299934049837, 49.8880342093852], [19.802376985748435, 49.88828089732266], [19.801886840293843, 49.88864557000077], [19.8014443977076, 49.888825865362826], [19.801112779700347, 49.88911106877084], [19.80096673115017, 49.88918068242278], [19.799576309800358, 49.88929001966118], [19.798712746532036, 49.88928934753882], [19.79827424865159, 49.88934369862716], [19.79779807136157, 49.88946374602161], [19.79591936604076, 49.89014523954977], [19.795504881368597, 49.89022410703824], [19.794549231864817, 49.89024312803936], [19.794150068625598, 49.89038841848998], [19.793118625729424, 49.89066721756539], [19.791085594503436, 49.891315285854944], [19.790732824238518, 49.89134658452281], [19.79014214863001, 49.89122380046387], [19.790050054168372, 49.89137237065134], [19.78971739790664, 49.89136179518697], [19.78955014677631, 49.89139340820983], [19.788334918768335, 49.891711787365786], [19.787781320639677, 49.89190354724987], [19.78727272552074, 49.891976635779194], [19.7866538552959, 49.89217346219812], [19.784232104986373, 49.892371355706295], [19.782826617899598, 49.892703687173245], [19.782427034833812, 49.89275281212828], [19.781539347400802, 49.89276803380742], [19.7805146751912, 49.892894743191206], [19.779556978297407, 49.89316916218859], [19.778578016093533, 49.89331512820468], [19.778344069689464, 49.89303293284956], [19.77672227829787, 49.893021857389], [19.775041939623776, 49.892953852874456], [19.77356635173761, 49.8929460761751], [19.773240695024946, 49.89296106381503], [19.77294947015583, 49.89302335143337], [19.77292047184116, 49.89298132321191], [19.772457663145072, 49.89311363688361], [19.77193767893954, 49.89349144494575], [19.771674052791514, 49.89361777258536], [19.7713870169749, 49.89368477633465], [19.77104007849958, 49.89389626987906], [19.770821625699377, 49.89404681239434], [19.770247464744415, 49.89456188070003], [19.7700628786388, 49.89490214539834], [19.769750078057722, 49.895336091266174], [19.76887909842481, 49.89629542796366], [19.76855724296508, 49.89680543378797], [19.76765103607495, 49.89801453498268], [19.767342743093266, 49.8985321445921], [19.76679329096885, 49.89972893608086], [19.766971896784785, 49.89982156141794], [19.767101329635537, 49.89982266804881], [19.767393908378516, 49.899982323515054], [19.767616282803772, 49.90001265137933], [19.76780618455834, 49.900153770589185], [19.768177741662015, 49.900218771972966], [19.768399520051492, 49.90019055632091], [19.768480902944088, 49.90023637902975], [19.768567543857547, 49.900234242086576], [19.768567024104087, 49.90046792967783], [19.768515831255645, 49.90063058449519], [19.76839453840472, 49.90071975221035], [19.768248130737177, 49.90075101649104], [19.767116416132346, 49.90090209690595], [19.766282958745332, 49.90078263424717], [19.76610098363057, 49.900794724803774], [19.76578256095082, 49.900949588871164], [19.76569181589753, 49.901090691041524], [19.765690245924965, 49.901294065571676], [19.765751681545105, 49.901385085698855], [19.765831724912463, 49.90142882792029], [19.766121130190843, 49.90152209435006], [19.76666670836176, 49.90163624839027], [19.766943709958852, 49.90174655487451], [19.76703910829977, 49.901761416506204], [19.76730134222307, 49.9017028816718], [19.767511902957647, 49.90176554397431], [19.767770020071705, 49.90190684877173], [19.767796386240803, 49.901997585003414], [19.767766054404408, 49.902057057147466], [19.76742676236276, 49.90227140849176], [19.767244544209973, 49.902331064116474], [19.76644461960358, 49.902489711406346], [19.765720087399625, 49.90249234134042], [19.765517719500277, 49.902621375156315], [19.76539354435233, 49.90280123482737], [19.765288825900143, 49.9033095867931], [19.764951848650018, 49.90347611996935], [19.764951786673006, 49.903538521376106], [19.76504321756619, 49.90361619402529], [19.76486991471107, 49.90369167627528], [19.76463899216431, 49.90403359644135], [19.764385093946014, 49.90431017174388], [19.764386593891295, 49.90451303938084], [19.763967270029948, 49.90472535881214], [19.76383236550785, 49.9047035995071], [19.763775050974935, 49.904723669245506], [19.763718838803893, 49.90483132939103], [19.76373982205135, 49.90497991535743], [19.763533613924633, 49.90507338773975], [19.76354837291502, 49.905193134080015], [19.76344356308172, 49.90521944090881], [19.76337392257005, 49.905285955747594], [19.763419528049802, 49.90535360975819], [19.76333626646896, 49.90540289517143], [19.76340146169401, 49.90548847167121], [19.763399760974213, 49.90560399623765], [19.763317703854568, 49.90562793802921], [19.76323054107998, 49.90573176107286], [19.76306427650976, 49.90566228038637], [19.76297383800602, 49.9056764215415], [19.76257626162823, 49.90593050938693], [19.76231623754138, 49.90594508799897], [19.76213817011949, 49.906091998935025], [19.762095444208192, 49.906308960889895], [19.76227636893892, 49.9063278865441], [19.762258494524076, 49.90644422751923], [19.762389113957266, 49.90655199298337], [19.762411988269236, 49.906686392537146], [19.762364708411713, 49.906716819164124], [19.76215363841392, 49.90667347421861], [19.76215425365125, 49.906785426818054], [19.76208454222623, 49.90689806727948], [19.761917417404838, 49.90697630857753], [19.76157207302542, 49.90734307653417], [19.761369919663746, 49.907353775299036], [19.76110144284917, 49.907524086183635], [19.76079870501183, 49.907884922990654], [19.76074350491853, 49.90788748011872], [19.760653467828817, 49.908070486914994], [19.760407772715627, 49.90812306927069], [19.76021459323244, 49.908049700138804], [19.760138607368706, 49.90805383306058], [19.76006532153075, 49.90818073080403], [19.759807540480395, 49.90828650312215], [19.75951304092714, 49.908564431775375], [19.759449987321396, 49.908672286383506], [19.75930896224035, 49.908780205851244], [19.759000670701784, 49.90914502477019], [19.75897103345021, 49.909285336932264], [19.75879452087561, 49.909349086626435], [19.758595043172402, 49.90937995050789], [19.758621634826255, 49.90952104439228], [19.758463377964286, 49.909475650597706], [19.757923853952864, 49.9096814459772], [19.758009263683412, 49.909825507866955], [19.75799714829837, 49.90995027207072], [19.757743891722225, 49.90994441202184], [19.75768172390359, 49.90997962264501], [19.75776367041008, 49.91009046842829], [19.757698133669976, 49.91020261146247], [19.75774139090834, 49.91052956157984], [19.75762964190119, 49.91093919260664], [19.757652460523513, 49.91109157573042], [19.75805558951968, 49.91185460917136], [19.758031042740157, 49.91212724264269], [19.758160984647837, 49.91259233338583], [19.75851437834127, 49.91295038827972], [19.758814649750924, 49.91360972284062], [19.758456183326178, 49.914224420229814], [19.75802881977829, 49.91540674006542], [19.758077770772612, 49.91607606239006], [19.758344268060974, 49.91704785508091], [19.756721157363387, 49.91650993790001], [19.754920267913413, 49.916366350630945], [19.753159187319625, 49.916056458392745], [19.75247105635471, 49.91603817727648], [19.751332417774528, 49.916123391006195], [19.750693319528207, 49.916206873215366], [19.749954671504675, 49.91624117349703], [19.749261339088353, 49.91623549547657], [19.747862000155767, 49.916084439831444], [19.7479000582438, 49.91499128701067], [19.747975324853545, 49.91438624264399], [19.747551710428105, 49.91436026781007], [19.74766181696725, 49.91352307588074], [19.74797218884616, 49.9126682646659], [19.748008397592482, 49.91208725560829], [19.74703033517361, 49.912631296004434], [19.746122008036746, 49.913068092568075], [19.74641300422279, 49.910383544548345], [19.746217830727755, 49.91038754865571], [19.745960152498736, 49.910321281063574], [19.745529430632388, 49.91028623018635], [19.7454240465349, 49.91022115935309], [19.745229637950757, 49.91020107243913], [19.74478206059593, 49.91024685118098], [19.74466909588842, 49.91015202513673], [19.744542239140475, 49.91022762024774], [19.744337795406466, 49.91021866275079], [19.744264195396532, 49.91017362676809], [19.743974292250684, 49.910136678216375], [19.74382394281416, 49.9102804445554], [19.74362266738594, 49.91034246427576], [19.74356642915733, 49.910277654493996], [19.743249771369957, 49.91047725440634], [19.743109747075177, 49.91047007193379], [19.742952717247324, 49.911084927408936], [19.742652307548564, 49.91158574238757], [19.742671764921354, 49.911624617481024], [19.742410477740645, 49.91188443014389], [19.74238075440479, 49.91196188557017], [19.742465017461054, 49.91211628695392], [19.742489463175094, 49.913012750007056], [19.74254604521039, 49.9130483411389], [19.742277472038737, 49.91408576228876], [19.742393501097762, 49.91410041830845], [19.742037983797786, 49.915326799374036], [19.742464631884204, 49.915407676284886], [19.742428628360653, 49.916133361330225], [19.742483272537132, 49.916982405650806], [19.742570769198615, 49.9174090189567], [19.74262708963551, 49.91744415758784], [19.742587632099614, 49.91824911127767], [19.74229104103996, 49.91825866290607], [19.74216750926526, 49.91722067631294], [19.74167809096324, 49.91727165409763], [19.741634557989684, 49.91627445771912], [19.74167285905191, 49.915300448511765], [19.74092063733321, 49.91519319519716], [19.74080337795097, 49.91566946836533], [19.740994827007746, 49.91568098842176], [19.741069155835223, 49.91742554548229], [19.74104318457898, 49.91778115283238], [19.74060894336771, 49.91779325184206], [19.740673637993275, 49.918763163808265], [19.739437213983603, 49.91876591446778], [19.739331477552327, 49.918740667374756], [19.73890635041073, 49.91856853039828], [19.738650563452676, 49.91831641001128], [19.7381712024889, 49.918024181382684], [19.738063116338886, 49.918163724429284], [19.737975513358553, 49.918105404338526], [19.73781800866417, 49.91806286796498], [19.73749561026758, 49.917631535714754], [19.7373863365838, 49.91761389121987], [19.737287464552427, 49.917725839611485], [19.737148182815925, 49.917721445506835], [19.737040954428586, 49.91766282104903], [19.737084070588093, 49.91761689374074], [19.73704231782966, 49.91758397914968], [19.736816352027038, 49.917544831895675], [19.73679515879961, 49.91749253938497], [19.73671587416531, 49.91745705781363], [19.736329065739344, 49.917407345404115], [19.736303518636564, 49.91730321345844], [19.736187420715144, 49.91718442732825], [19.73605322943534, 49.91717181506591], [19.735872932480703, 49.91709575848723], [19.735258064965414, 49.91712978596366], [19.73511012843877, 49.91726997064358], [19.73501796247111, 49.91757782838514], [19.73507125631114, 49.91838307234845], [19.735024787320857, 49.91843462707291], [19.73486870893303, 49.91838553834644], [19.734190741758486, 49.91828120962805], [19.732372943187887, 49.91762995850503], [19.73207412354798, 49.91843072481437], [19.731759791393213, 49.920045334482346], [19.731742807730562, 49.92031579730264], [19.73235375777506, 49.920262863069695], [19.732563895858057, 49.920364248004454], [19.732332604413944, 49.92032602293048], [19.732260252827768, 49.920530601161985], [19.7316061180721, 49.92117830951423], [19.73156880636868, 49.92128930787286], [19.73128604082103, 49.92148762735633], [19.731264989316173, 49.92154683180627], [19.731038009323974, 49.9217420744513], [19.7310072467383, 49.921826349189814], [19.73086172610401, 49.92188410147956], [19.730799700312357, 49.921944385970875], [19.730680878570695, 49.921945333307995], [19.73063432061718, 49.92206360329848], [19.730519098485146, 49.922171410612954], [19.73031798928862, 49.92260098756476], [19.729927224057047, 49.92257863513868], [19.729862778227847, 49.922603735293286], [19.729337163681837, 49.92357869559297], [19.728732656177993, 49.924449294762695], [19.72958729379433, 49.92480295073596], [19.73306225341167, 49.92601509615279], [19.7330186579063, 49.92610543538888], [19.73254269010821, 49.92658506323225], [19.73140733498894, 49.92757962195788], [19.73140700949368, 49.9276185521813], [19.731102433818226, 49.927781385324174], [19.730782067251745, 49.92790367239617], [19.729625610906627, 49.92904661444919], [19.728371159418405, 49.93047602285353], [19.727969653292934, 49.93084872857457], [19.727528085609492, 49.93108683816096], [19.72723745767119, 49.931358702887664], [19.726597113688225, 49.93261131102093], [19.726378372555587, 49.93295104047744], [19.726058991323026, 49.93333534148809], [19.725806089878287, 49.934035169035916], [19.72561237918288, 49.93430746505021], [19.72505964608397, 49.9348553640485], [19.724640618845836, 49.93560974000857], [19.72438482888901, 49.93637022601616], [19.72428134324086, 49.93697080735493], [19.72428421256549, 49.937220896043286], [19.723882510918205, 49.937813880151346], [19.723811176347855, 49.93834144307482], [19.723877863137634, 49.93909207833973], [19.723993948137345, 49.93943368857422], [19.724008688807643, 49.93966151864681], [19.723871965795503, 49.93974777251403], [19.72360574608809, 49.93983655737646], [19.72367656954165, 49.93990855048187], [19.72364706912562, 49.939959927645866], [19.72375728732644, 49.94002264330187], [19.72378658114724, 49.94015837949331], [19.723624368713878, 49.940297043474764], [19.723532415847572, 49.940286500311], [19.723582205202433, 49.94034783167158], [19.72355212333679, 49.94047392278572], [19.723401938317778, 49.94050535886939], [19.72342397430027, 49.94069955070766], [19.723364029142797, 49.94072199931724], [19.723341642929128, 49.94078883038422], [19.723100976490997, 49.940848852447814], [19.7229781266694, 49.940979316950056], [19.722138059892988, 49.94102446302913], [19.722135985585297, 49.941081806719374], [19.721985778755126, 49.94111396006397], [19.72182650627745, 49.9410516911885], [19.721606888545285, 49.94115330359857], [19.72152359967742, 49.9412522823876], [19.721461139917544, 49.9414065194687], [19.721463394659796, 49.94186349851364], [19.721540022429814, 49.942168889441135], [19.72163320598491, 49.94235415491646], [19.72164784241429, 49.942706607910665], [19.72143533766376, 49.942839229567646], [19.721065443344155, 49.94326971606333], [19.72089395836877, 49.943568414688535], [19.720765817921247, 49.9436824537332], [19.720774831664922, 49.943768243280005], [19.720888678309553, 49.94376779055277], [19.720985696071203, 49.9438240690655], [19.721049677702396, 49.943980869142464], [19.720871696489162, 49.94445636118549], [19.720955102343236, 49.94461103770791], [19.72091602309502, 49.94470295062441], [19.72097390635168, 49.94485329941188], [19.720924153818547, 49.944985197229485], [19.720944103679454, 49.94512631587797], [19.72080624034344, 49.94517065261165], [19.720720253233292, 49.9452396589427], [19.720710299065257, 49.94535769898024], [19.72059315067126, 49.94546160862231], [19.72058733697764, 49.945560092599166], [19.720343521968523, 49.94575368965715], [19.72023716874145, 49.945907621514586], [19.72012147415524, 49.94621421773012], [19.720020335481628, 49.946344828728655], [19.718189288770393, 49.946375588569836], [19.717830192839898, 49.946885310236624], [19.717660931240818, 49.94723546062695], [19.71764893333646, 49.94757709925197], [19.71776819736714, 49.948076193628374], [19.717834993447397, 49.949029503578785], [19.71801145622329, 49.950145694744], [19.718750251050235, 49.95254742479117], [19.718908473415706, 49.95334385068817], [19.719005133925915, 49.95419687285496], [19.719153379666015, 49.956945624294406], [19.719224394468206, 49.95737881452047], [19.71925640864093, 49.958079074072295], [19.717954039181347, 49.9580341143185], [19.717871377123924, 49.958255023334964], [19.71522779067078, 49.95763457293131], [19.71488049937944, 49.95758127167162], [19.714451679098545, 49.95753309013112], [19.713138052026057, 49.95753470777822], [19.71274655719617, 49.957555539974294], [19.71145364202149, 49.957773256806945], [19.70960970338306, 49.95819163710351], [19.709111987709004, 49.95832232156246], [19.708696473103593, 49.95848008465127], [19.708626613424478, 49.95841357824098], [19.708050638850366, 49.958577914568096], [19.707345566566755, 49.95870700090565], [19.706834275810603, 49.95865202751706], [19.70654886372094, 49.9586613433574], [19.7064255746146, 49.95869557515953], [19.70618660456486, 49.9585685558275], [19.705944263856463, 49.95848933373179], [19.705932644888236, 49.9585068276457], [19.70434670047249, 49.95809636892498], [19.703557570639457, 49.957997545056294], [19.702709946224267, 49.95783503038832], [19.70110742307329, 49.95758673019958], [19.70066469768734, 49.957594809219756], [19.699736985274594, 49.95753450931085], [19.699444658175732, 49.95746442411935], [19.69834423248559, 49.95708495220017], [19.697952084480175, 49.956990364737386], [19.69814919565328, 49.95639967038065], [19.698671883686412, 49.954448421213144], [19.69903778672893, 49.95358195775803], [19.69936585675563, 49.9533279374706], [19.699064604521652, 49.95306766830299], [19.698698894868834, 49.95299639829117], [19.698624914828613, 49.952871573807805], [19.6984815700636, 49.95276611212753], [19.69805207198443, 49.952740071400164], [19.6980209360765, 49.952675072141574], [19.698249253915808, 49.95243549064578], [19.69822078659455, 49.95239039286807], [19.69811692290081, 49.95236611859314], [19.69798117865056, 49.95227863491484], [19.697794724259992, 49.952035566199704], [19.697712100583963, 49.951854176677315], [19.69748303975674, 49.95178551604624], [19.697392476314338, 49.95172803156802], [19.697416426272206, 49.95151178232032], [19.69746810168254, 49.95145589529502], [19.697438231802888, 49.951349188956435], [19.697279807741047, 49.95131737759933], [19.6972222696605, 49.95125999417418], [19.6971944079401, 49.951146027110575], [19.69727687832439, 49.950997242963155], [19.697649418416308, 49.950886963480265], [19.697539071257474, 49.9506795464408], [19.697425624110995, 49.95062324364458], [19.697488835704334, 49.9505167734165], [19.69722284776833, 49.950345013187416], [19.697177551629885, 49.95021097877577], [19.69705516976937, 49.95015016934691], [19.69678240984576, 49.95015717540078], [19.696762868707207, 49.95006542109603], [19.696615637257302, 49.95004245645251], [19.696374874813895, 49.949922409817965], [19.69631350225326, 49.94977488674462], [19.69598182796567, 49.94976018825762], [19.69586471739921, 49.9498035598401], [19.69609870155596, 49.948476688909466], [19.695753190045004, 49.94838648433747], [19.69572928773266, 49.94806935060547], [19.695637439807022, 49.94800816367938], [19.695062502260733, 49.9482144380734], [19.69444039512409, 49.94839221469101], [19.694130896380795, 49.9488048628006], [19.690000308279444, 49.94869902588766], [19.689830296524967, 49.94875069556593], [19.689581564874256, 49.94875058295897], [19.68957546142956, 49.94882658318642], [19.689211057891097, 49.94877561889027], [19.688337755406373, 49.948847929068194], [19.68792669443474, 49.94899101194017], [19.68770929067745, 49.948996914457496], [19.68752987147578, 49.94908183327713], [19.68735088613041, 49.94907387318436], [19.687283396608194, 49.949121664125535], [19.687110249752518, 49.94909371840788], [19.686847510053635, 49.949116729693415], [19.686489266738153, 49.949218414574226], [19.686444390894774, 49.949208375198985], [19.68644382217968, 49.94915244081142], [19.68637700469206, 49.949134510014105], [19.685977596731068, 49.949125579577284], [19.685923248087505, 49.94922809781774], [19.68573987986614, 49.94924292432418], [19.685443847805196, 49.94917330102123], [19.68531070904869, 49.949088529379836], [19.685143147747564, 49.949065319684564], [19.68488165826942, 49.948934943442076], [19.684804967126627, 49.94883444650254], [19.684078079181212, 49.94882611142146], [19.68398478966892, 49.94889500780556], [19.683643624285576, 49.94894256822992], [19.68328009382294, 49.94892621297584], [19.683114019957028, 49.94887406416886], [19.682945750423563, 49.94886666852526], [19.682697970549576, 49.948959345624445], [19.68236265781365, 49.948971092140006], [19.68208581414625, 49.949051299030906], [19.68198390885134, 49.94898135499288], [19.681314468767795, 49.948793013488135], [19.681203418802827, 49.94881306096331], [19.681118302899424, 49.9487611105051], [19.68106223984622, 49.9488137933518], [19.680935815357216, 49.9488304287385], [19.68059311573426, 49.948801443929575], [19.68056747210258, 49.948760779753854], [19.68039662717627, 49.94875586876703], [19.680328436924572, 49.94878827201399], [19.680188303156736, 49.9487609613275], [19.680151994399168, 49.948687356220184], [19.680053188052753, 49.94864181306917], [19.679581678732195, 49.94875243798535], [19.679152231760824, 49.94877713040858], [19.67890121445954, 49.948840180064195], [19.678854817531047, 49.948804314421274], [19.678568428993515, 49.94885122506456], [19.678521391963965, 49.94888458759646], [19.6784637046195, 49.94887430923195], [19.6783534389972, 49.948982750706996], [19.6783356517311, 49.948930036851294], [19.678257539831485, 49.94892267270204], [19.678214263602083, 49.94899681008349], [19.678099662094635, 49.94904981342131], [19.6778574200318, 49.94897547871555], [19.67767452783775, 49.94886090824211], [19.67751932336677, 49.94885985791034], [19.677370289957384, 49.94882174228398], [19.677306491312756, 49.94875987156578], [19.676843955885545, 49.94858339480205], [19.67667083615986, 49.948570000229594], [19.67646978440936, 49.94861482221001], [19.676246669589855, 49.94860031695732], [19.675866855158006, 49.95024010211422], [19.67586989610605, 49.95080508131042], [19.676003456630276, 49.95146866015181], [19.675633486669874, 49.95175252806115], [19.67535391106299, 49.95188052323034], [19.67492867630664, 49.95203499748873], [19.673565783508632, 49.95230831975316], [19.672883668665932, 49.952367684142224], [19.671952724995926, 49.95232330940874], [19.670522843136542, 49.95251319575903], [19.670130415581166, 49.95258890213583], [19.668939875648363, 49.95304388907306], [19.668142882937378, 49.95319524035535], [19.667230679092075, 49.953188448160276], [19.666546458774995, 49.95322743003213], [19.66580079809781, 49.95312956770135], [19.664652735657555, 49.953039386759386], [19.664129614756423, 49.953148905198475], [19.663845784147373, 49.953242925230235], [19.66340871541326, 49.95319886546921], [19.6619299319741, 49.95322011862066], [19.660281665561232, 49.95389497586203], [19.65940009874401, 49.95410436529157], [19.65864020116459, 49.95422802623524], [19.658867674231747, 49.9551349460623], [19.658855856677313, 49.955234256946106], [19.658683756072143, 49.95543430890087], [19.658252205565894, 49.955456921635914], [19.65819943280498, 49.95556052422297], [19.65782851030876, 49.95589377858272], [19.657485714114035, 49.95605238002719], [19.65690908116667, 49.95623506794108], [19.656870773674225, 49.956344592079375], [19.656819477641434, 49.95632484584951], [19.65672965780115, 49.95637730588088], [19.65672803225132, 49.95640066531615], [19.65700165420627, 49.956434315628776], [19.657063796764547, 49.95647999336959], [19.656993762563488, 49.95659274684101], [19.65701236930993, 49.9566152615563], [19.657175376748903, 49.95662227416007], [19.65721965560145, 49.956653807952634], [19.657245729233484, 49.9567285605786], [19.657201321801683, 49.956781816457365], [19.65728686331656, 49.95679800265029], [19.65735848771264, 49.956698215374395], [19.657576561689474, 49.95668464459175], [19.657615257840046, 49.95671647328159], [19.657535029534927, 49.956804921580016], [19.657590172986357, 49.95686175756788], [19.65754371155885, 49.95690869565603], [19.657563909962487, 49.95693914134428], [19.65776677656481, 49.95690111676269], [19.657937685953907, 49.95708013984521], [19.657888825524015, 49.9571532159749], [19.657929868321155, 49.95718588095695], [19.657945751956188, 49.95730637285259], [19.65802014924543, 49.95735749693246], [19.65805305275346, 49.95767294458172], [19.658282795373445, 49.95780634088399], [19.65852983234388, 49.95781396393309], [19.65860370118951, 49.957864092437646], [19.658545079857934, 49.95794236101056], [19.658556556827616, 49.95799077883397], [19.65871318611204, 49.95805697036745], [19.658770735406687, 49.9581176100815], [19.65892806857073, 49.95816852368083], [19.658845440995538, 49.95828814609691], [19.658742985814648, 49.95828866975257], [19.65874207152115, 49.95844196655545], [19.658682233720228, 49.95844361239594], [19.658626101060648, 49.958487471823446], [19.658638638469082, 49.95853284474191], [19.65870432008526, 49.95856165822923], [19.65882460980412, 49.958541289489155], [19.658867589366555, 49.95862972465527], [19.658776615920694, 49.958748711014955], [19.658787952391318, 49.95881223312851], [19.65871372299986, 49.95881515122784], [19.658645605702084, 49.95875861534588], [19.658442582799143, 49.95886218868484], [19.658428733914246, 49.95890914466318], [19.658497898094396, 49.958993207180356], [19.658737014006025, 49.95895506064857], [19.65884919212943, 49.95902100768008], [19.65882793261677, 49.95915410778166], [19.658724302058804, 49.95914670519796], [19.658680337134264, 49.95917398091968], [19.65889527255677, 49.95922861782908], [19.658898888084895, 49.959274067383696], [19.658764551095935, 49.95934345800053], [19.658780695470675, 49.95939948273376], [19.65873945563851, 49.95941896726845], [19.658646526812817, 49.959402606822316], [19.658609618345277, 49.959356502477696], [19.65847867747506, 49.95939895714044], [19.658410763211407, 49.95954572431113], [19.658544739456335, 49.9596899711373], [19.658506514661433, 49.95975642678501], [19.658133581891285, 49.9598500317239], [19.658059637376997, 49.95993288832387], [19.658183971264275, 49.96006299704948], [19.65817052405342, 49.96009548110792], [19.658068947928985, 49.960099341254676], [19.658041368448885, 49.96014883580895], [19.65781099738793, 49.96016298454012], [19.6577890654171, 49.96019483087094], [19.65787291991039, 49.96030199240184], [19.65797369106036, 49.96029200880125], [19.658031731760804, 49.960314979599694], [19.65800379314985, 49.96047263932629], [19.65810391382452, 49.96051614829724], [19.6581258131918, 49.960590762456015], [19.658231622638418, 49.96063020097858], [19.658420875302806, 49.96062618593463], [19.658551331642222, 49.96067651936986], [19.658765401936762, 49.96083275191325], [19.658822111941586, 49.96081335633955], [19.65910207460619, 49.96095587363559], [19.65955784745051, 49.961397865319086], [19.65953842987769, 49.96161523835345], [19.659424890789527, 49.961823880679106], [19.659240188373722, 49.96186463582382], [19.658819048566862, 49.96188674176643], [19.658331777809238, 49.96170046449849], [19.658194824057755, 49.96180354279761], [19.658122151116853, 49.961985951475896], [19.658191686182136, 49.96233257399664], [19.657819707362805, 49.96255153230639], [19.6573692238705, 49.962926754392115], [19.657222013313536, 49.96318787556391], [19.656917879668445, 49.963337661528165], [19.65606425801583, 49.96405348826636], [19.655568201659463, 49.964762663859666], [19.655439919309256, 49.96505430392109], [19.655599036288194, 49.965201992498756], [19.655496463099123, 49.96536633940764], [19.655512121420195, 49.965529808849354], [19.65536910207999, 49.96554478547187], [19.65527484863933, 49.96575068002538], [19.65503156690059, 49.965821950294725], [19.655027241974775, 49.96603715967478], [19.655435437422454, 49.9660707553347], [19.655286984426727, 49.96630569395107], [19.65544518961313, 49.966451214136434], [19.65545172767311, 49.96651674895551], [19.65507951175802, 49.96648249156467], [19.65505786298099, 49.966599041754876], [19.655129767933452, 49.96674500031714], [19.65462297377817, 49.966697761638855], [19.653870219985606, 49.9665677309623], [19.653639304209104, 49.966560285274404], [19.6536087987949, 49.96642955259855], [19.653522026305154, 49.96633701057318], [19.6534110847261, 49.96633131675409], [19.65329770228267, 49.96640310231055], [19.65301460822477, 49.96692663449925], [19.653060732179238, 49.966982198871804], [19.65328118036335, 49.967070089136286], [19.653215094668457, 49.96726524934478], [19.653126356315198, 49.96731304348542], [19.652980364165003, 49.96731944061377], [19.652918002382076, 49.967351176149045], [19.65270259905087, 49.967821543894246], [19.652604146268107, 49.96792263504909], [19.65228634167443, 49.96791642523403], [19.652275133690484, 49.968058182847365], [19.65255902598386, 49.96835532737437], [19.652394123067623, 49.968369866302986], [19.652184019096328, 49.96846048841221], [19.65226523429228, 49.96870213787204], [19.653114102659227, 49.96975988162172], [19.654031988124558, 49.97070368666266], [19.654271585821242, 49.97103538009921], [19.654707252667393, 49.971470233133836], [19.65534683994244, 49.971946921778105], [19.655731543152044, 49.972290094966034], [19.65584397093869, 49.972448121711835], [19.656036347207444, 49.97300432425194], [19.656012587482508, 49.973236662038964], [19.656658299523986, 49.973304385634556], [19.656738420997833, 49.97337607749551], [19.656848392237134, 49.97362255225121], [19.656925320408646, 49.97368377672858], [19.657150288754426, 49.97373583521363], [19.657586661149793, 49.97374124581227], [19.657839473741245, 49.97398020115537], [19.658032029325813, 49.97403476019104], [19.658364139860755, 49.974074478461205], [19.65857242790888, 49.974350502122455], [19.659225385997875, 49.97493576233541], [19.66080053793613, 49.97589690836765], [19.66117723611323, 49.976093946910176], [19.66146970005421, 49.97621142559702], [19.66178488402295, 49.97629400847044], [19.662316338470436, 49.976320639267215], [19.662746129523708, 49.976408407497686], [19.663171913576836, 49.97656032801232], [19.663354394526227, 49.97665702256991], [19.665431845124218, 49.97734344373257], [19.66598606818479, 49.97757074242629], [19.66688338287333, 49.97775963148334], [19.668123071308607, 49.97820888556306], [19.669071225071825, 49.97868346490885], [19.667854806769068, 49.9795013146918], [19.666436426952874, 49.98025910408306], [19.664849078284526, 49.98092843233947], [19.66410723741569, 49.981115368874825], [19.66348595874429, 49.981183292300756], [19.662687142542524, 49.98122201118474], [19.661988982091234, 49.98115587466635], [19.658854297874008, 49.980671174364424], [19.656752961072687, 49.9805202589181], [19.65595047393615, 49.98052076447485], [19.655252799779024, 49.98059791914013], [19.654508892347256, 49.98075779562458], [19.65379464355202, 49.980953977964944], [19.652703697225924, 49.9815267556725], [19.652191636509738, 49.981862128533315], [19.651637418677936, 49.98229861425589], [19.651266593226985, 49.98271403140585], [19.650969856510137, 49.98317256952509], [19.6505641607999, 49.98479892752346], [19.650561345244807, 49.985313214337644], [19.650305158349706, 49.98702771930229], [19.650140655286666, 49.98852029858121], [19.650000331683422, 49.988919690850885], [19.649757426649508, 49.98934657218689], [19.649394146227337, 49.989743997824085], [19.64898128854516, 49.99006891219844], [19.648580767958858, 49.99030675036069], [19.64766185684016, 49.990718017487524], [19.64702965167382, 49.990911608098074], [19.646451250270246, 49.99103658777454], [19.64569874461232, 49.99115314814515], [19.645064766673883, 49.9912207351337], [19.64434425139622, 49.991245946090416], [19.64369052926571, 49.99122697552454], [19.642781332387507, 49.99112750510037], [19.641780498713842, 49.99091446979957], [19.640993415929795, 49.990649261151184], [19.64034612858844, 49.99032822934293], [19.639870183077704, 49.98996523398064], [19.63942211408881, 49.989558594639966], [19.63903558741066, 49.98868142564605], [19.638984739403913, 49.98777519478417], [19.63881707162144, 49.987228066532175], [19.638263363737106, 49.98625712841503], [19.637930410611684, 49.98549927320373], [19.637838397921286, 49.98508358971776], [19.637804803988214, 49.984530121347774], [19.638009972996787, 49.983556041533305], [19.63810184919245, 49.98272710455349], [19.63805464477315, 49.98244322464021], [19.637725950206775, 49.9816837098593], [19.637213460469656, 49.98092005675927], [19.636934166566128, 49.980608992233975], [19.636616563890684, 49.98036581304598], [19.63551249275995, 49.979749403829466], [19.634725181590845, 49.979494938664494], [19.633998516740835, 49.97931491358356], [19.633125378072606, 49.979181712794016], [19.632481735172927, 49.97915740222404], [19.631952406629342, 49.97918308098792], [19.631362368644197, 49.97932861870678], [19.63053553596416, 49.97973544204807], [19.630053520875332, 49.98008824642442], [19.62985446653138, 49.980306909486295], [19.628489613834706, 49.98208299015215], [19.627689568308277, 49.982756351815326], [19.627321566219617, 49.98302597235199], [19.6265357743948, 49.983506174933524], [19.626069197077786, 49.98371608889706], [19.62555041130065, 49.98389840755551], [19.624851245151646, 49.98409288239691], [19.624883134336542, 49.98445148650288], [19.62401482225008, 49.98482612129932], [19.623331837694426, 49.984853624770366], [19.62267914680748, 49.98483113084082], [19.622385826270165, 49.98474510475863], [19.621224756431324, 49.9847643995795], [19.620531226502123, 49.98468763825295], [19.61994984609006, 49.98455627915256], [19.618052779279598, 49.98393233499497], [19.61781755854761, 49.98316245708418], [19.614117046651085, 49.982191808270585], [19.611403163858828, 49.98157228960975], [19.60900995325801, 49.98118871684213], [19.607905209374508, 49.9810806024925], [19.605409457598203, 49.980946591226605], [19.604473480491173, 49.98097238030342], [19.604066930716243, 49.98101847118817], [19.60324452884802, 49.981162148677306], [19.60238655570394, 49.98139755605928], [19.601498493989173, 49.981771065586194], [19.601056276526275, 49.9820032924056], [19.600650206199944, 49.98230159255805], [19.600746127198338, 49.98265306381983], [19.600945203487417, 49.982650070021876], [19.60104032319971, 49.98373596812614], [19.60116192712929, 49.983908905062556], [19.601347949524552, 49.984096555619836], [19.601958010895945, 49.98448254732314], [19.602354488185018, 49.98456375382767], [19.602695824080772, 49.98429083369564], [19.602869402814836, 49.98421029131025], [19.60292581825377, 49.98443387334357], [19.603077051997133, 49.98466740900175], [19.60370793982765, 49.98545224118064], [19.603939077323698, 49.98584993548643], [19.60456829391569, 49.98748391193355], [19.60476066166539, 49.98825330144064], [19.604759082414617, 49.98993219858456], [19.60465185866203, 49.990018037749664], [19.603924428366717, 49.99002178411256], [19.60383586905403, 49.99013248419275], [19.60380865776726, 49.99031603539541], [19.603656761230923, 49.9905621961166], [19.603229637245473, 49.991137553309436], [19.603058863399884, 49.99169810279919], [19.602815436583157, 49.99221956260656], [19.602734952682955, 49.992874352144476], [19.602729627190392, 49.99359712431903], [19.602656653597272, 49.994060033069985], [19.60276060190175, 49.99516087003588], [19.60298389461437, 49.99606640737609], [19.602907624261736, 49.99710024392151], [19.602653493026832, 49.99776858699943], [19.602437470946597, 49.99792091033107], [19.60241905887995, 49.998089281268584], [19.60208681575753, 49.998530992542165], [19.601011842189756, 49.99912865484575], [19.600560995043402, 49.99941706311961], [19.600066818364986, 49.999861940340026], [19.59988860040773, 50.00014329515888], [19.599393717269226, 50.000424783402416], [19.59872813849949, 50.000526803418246], [19.59719870895905, 50.00054995122691], [19.596848853923227, 50.00058330529077], [19.596377320754932, 50.000498115399736], [19.59594231475354, 50.00038018660773], [19.595345998635185, 49.99943118636603], [19.595173885656198, 49.99822422570132], [19.594897774459707, 49.99724520132683], [19.59341556821976, 49.997933711198144], [19.592016353325345, 49.99733632880747], [19.59225915571523, 49.99631575908623], [19.59210269592209, 49.996366821052746], [19.591822852995904, 49.996148344931655], [19.591769825553193, 49.995695512521564], [19.591527059553027, 49.99509138536604], [19.591714541767555, 49.99478039324243], [19.59223931648655, 49.99418171609038], [19.591844826641605, 49.9924735544926], [19.59156932324999, 49.99224101335478], [19.5901084525169, 49.991440456536736], [19.590008221903116, 49.99135291867755], [19.592051163575942, 49.991201225778035], [19.59214691179333, 49.991084147884415], [19.592499618423705, 49.9910559680144], [19.59192109608327, 49.99077416315371], [19.591406669201557, 49.989057619549264], [19.59012985046312, 49.98924433054376], [19.589104002254, 49.989351986556144], [19.58755218120692, 49.98940872198983], [19.585433138195704, 49.98924712795152], [19.583639601340366, 49.98923810165424], [19.582093780400857, 49.98891044472361], [19.58088859970995, 49.98888437822769], [19.579283083578773, 49.98934838680482], [19.578290712706405, 49.989828611204494], [19.57743824894481, 49.99035001620236], [19.57677571716004, 49.99111265319319], [19.576238259693334, 49.99189930060046], [19.5756907638797, 49.99285990035334], [19.575379940349666, 49.99375443826196], [19.574951664819267, 49.99540858457463], [19.574670926179518, 49.996124286607355], [19.5741150807731, 49.99676080740605], [19.57381408807128, 49.997047717095676], [19.572745848683475, 49.997699241189494], [19.570980784740453, 49.99886009217528], [19.569455054966614, 49.999657548760624], [19.567132056708854, 50.00118191540048], [19.566204500308306, 50.00187665827942], [19.56573643636715, 50.00255756347795], [19.565107247838533, 50.00372516913622], [19.564845295095186, 50.004768464665396], [19.56475765832495, 50.005818591718416], [19.56458845290022, 50.00658123617177], [19.564277193710428, 50.007484999381575], [19.562834199406307, 50.00975703014668], [19.562109511146303, 50.01075745042785], [19.56034008575755, 50.01205340952712], [19.56089337308522, 50.012832024497015], [19.561138398937494, 50.0128926098613], [19.561226633186394, 50.01310590628775], [19.56120578114324, 50.013201408438675], [19.56089571681146, 50.014014811052036], [19.5607301604447, 50.01428322527086], [19.560246678282102, 50.01475890753788], [19.5601304802963, 50.015107778935274], [19.559833670818282, 50.0152993929896], [19.5595570316655, 50.01539037077087], [19.55933749127496, 50.01574173478471], [19.559223630990758, 50.015844174088215], [19.559128786558425, 50.016029302553285], [19.558848347267546, 50.01696544329327], [19.558895546107852, 50.01747279692511], [19.55876561782304, 50.01760371943974], [19.558327249704888, 50.01785714184743], [19.558356127255518, 50.018291076259416], [19.558273132730896, 50.01859288251987], [19.558304938817756, 50.018812403333044], [19.558418141207053, 50.01896073283769], [19.559248199026253, 50.01972570898978], [19.559510001694726, 50.019903037195185], [19.559757105437896, 50.019969945206704], [19.560627699675898, 50.0200382050755], [19.561002924536997, 50.02015624352996], [19.5611593077212, 50.020265632658536], [19.561332908149772, 50.02019576256027], [19.56204188421248, 50.0201150848264], [19.562111954661443, 50.02019409028533], [19.562190605042748, 50.020214756574426], [19.562732026188186, 50.02018378980917], [19.56331536584176, 50.02020719930289], [19.563897950405746, 50.02017170149247], [19.564198734150075, 50.02019367697178], [19.56562142872755, 50.02046780424805], [19.566257031392375, 50.020625010677065], [19.566943590246886, 50.02068074887253], [19.56758937308582, 50.02080340552122], [19.568045695847168, 50.02078557006474], [19.568282659893864, 50.02081385064531], [19.569233921796563, 50.02099094040014], [19.56966950677795, 50.02096654870528], [19.570305464265974, 50.021070147298474], [19.570549168049343, 50.02106892391849], [19.57095672622224, 50.021001382079724], [19.57159851132999, 50.02076741076141], [19.572312912832466, 50.02075291525481], [19.572689396234253, 50.02083433544152], [19.573356323911202, 50.0207971301631], [19.573900378662806, 50.02091756217604], [19.574078976626023, 50.0210318824284], [19.574723082906065, 50.02127546616525], [19.575091073464936, 50.021380062430914], [19.57541197247307, 50.02143012976123], [19.575640091875414, 50.02142267996331], [19.575894155936727, 50.02135431538762], [19.57659764699051, 50.02125118224523], [19.578984432904807, 50.02093677948203], [19.580517534468143, 50.02076402462507], [19.582210846968803, 50.02090377696649], [19.584948451231075, 50.02121539637087], [19.58592251540311, 50.021521296736196], [19.58668217614091, 50.02191458326037], [19.587272148455334, 50.02347812186751], [19.588014001860042, 50.024327865150845], [19.588841830536172, 50.025178469301125], [19.590109878128835, 50.025815202485745], [19.590361575262335, 50.026180621241444], [19.59064903591821, 50.02689795462832], [19.592273811919927, 50.028416483946145], [19.593555881176403, 50.02900290603836], [19.595161407110346, 50.02946923658638], [19.596513267289506, 50.030110509941714], [19.597519510064867, 50.03069085370466], [19.597715899037127, 50.0312231003214], [19.599240933945612, 50.03147566062433], [19.60043755368358, 50.03219333004406], [19.600667689899428, 50.03244948785026], [19.60137481324632, 50.03287854856934], [19.60221148108001, 50.03313967453485], [19.60289061808655, 50.033187056656786], [19.604359180991487, 50.03317083092354], [19.60516117645843, 50.03324179659553], [19.606583254310276, 50.03425775425586], [19.60943894931836, 50.03278880262569], [19.610442360247724, 50.032574954996385], [19.61246414870296, 50.03229541375487], [19.61419226332506, 50.03216950280993], [19.614893320707026, 50.03195946841992], [19.616816379491095, 50.031232511987504], [19.617257823521953, 50.030899510984455], [19.61807399765446, 50.03078218336776], [19.617934972689415, 50.02957610869879], [19.622857262137956, 50.02913892800309], [19.623509076352892, 50.029813655520904], [19.62441887866431, 50.03051634266576], [19.62460774755573, 50.03060757193539], [19.62486831089205, 50.03084554719707], [19.625394575736944, 50.03084661213209], [19.626076346737005, 50.030980254024016], [19.62659932085501, 50.031432335976845], [19.62733076320612, 50.03197068299637], [19.62754970953815, 50.0320073507893], [19.62765378851581, 50.032141476810565], [19.62771620924392, 50.03217979969214], [19.62779461516087, 50.03217485326068], [19.627877349393135, 50.03224373809767], [19.628121932217976, 50.032194718278504], [19.628243061221735, 50.03226791962469], [19.628203418954087, 50.0325212149171], [19.62825391552868, 50.03254204285331], [19.628202390165644, 50.032630809692726], [19.628142401706743, 50.03260598247689], [19.628085814937506, 50.032641210407164], [19.62805670959413, 50.032731860729555], [19.62801528692699, 50.03274794715806], [19.62805773835941, 50.03278393393954], [19.628011357060124, 50.032854644194785], [19.628122994183563, 50.03293607140112], [19.62818376746056, 50.03305903665205], [19.628042974629523, 50.03316976640526], [19.628101678333675, 50.033299399210996], [19.62795194087176, 50.033421686944294], [19.62815837500822, 50.03357296287539], [19.628122043522946, 50.0336624487868], [19.628194875282436, 50.03365881405337], [19.628262764881182, 50.03372084903547], [19.62816356219082, 50.03376814069972], [19.62817306040463, 50.03391490506437], [19.62831364092144, 50.033885186456736], [19.628393938036815, 50.033908614474484], [19.62851164162445, 50.033893011683354], [19.628632585774454, 50.03414098919529], [19.6286851531083, 50.03415779520999], [19.628797633716744, 50.03412954224395], [19.628884882278726, 50.034198099690244], [19.62903021446492, 50.03419271352451], [19.62903718133086, 50.03429610865775], [19.628959653970643, 50.03430283548259], [19.629038314195817, 50.03441319192169], [19.628941540776818, 50.03446339024263], [19.629012443363287, 50.03478243863448], [19.628629794396154, 50.0350573741782], [19.628793334974613, 50.03509895950322], [19.628926445381385, 50.035223806382675], [19.6289170947112, 50.035498207639684], [19.628697413507627, 50.03560926483683], [19.62830783364087, 50.03565681125836], [19.62801336333214, 50.03573713115438], [19.62748952094314, 50.03604788819759], [19.627570844242953, 50.03618722986092], [19.627642230702065, 50.036239325919006], [19.627798415099388, 50.036284422245124], [19.62782706633317, 50.03641549804073], [19.627513666213094, 50.03660627868908], [19.627641268302824, 50.03665993878017], [19.627684435836365, 50.03678129558661], [19.62731358722881, 50.03714583214924], [19.627408228314852, 50.03734692347789], [19.627056392371315, 50.03764667527198], [19.627087789414503, 50.03775485528912], [19.62703343741171, 50.03801586599138], [19.626928668627475, 50.03807684779873], [19.626704866804985, 50.03814091664658], [19.626510528016667, 50.038092220245396], [19.6263010370274, 50.03813910403155], [19.62621547802306, 50.038192220216374], [19.626229644690632, 50.038380670741816], [19.62616322910315, 50.03860925859172], [19.626083345967622, 50.038644458799965], [19.62600702480139, 50.0386086679796], [19.626020142574685, 50.03836919880898], [19.62595441908791, 50.0383632055073], [19.62583362606142, 50.038569749421], [19.62587124869076, 50.03869940334185], [19.62566733481133, 50.038800211344515], [19.625434817747625, 50.03886129724194], [19.62539042147792, 50.038753772039684], [19.625336571331513, 50.038698645408886], [19.625280035401698, 50.038693569802874], [19.625226779396023, 50.03873007393417], [19.625288559831063, 50.03889858794327], [19.625239293239748, 50.038917605841895], [19.62508795738267, 50.03886384176674], [19.624976902658954, 50.03887592328746], [19.62491035643733, 50.03893780576148], [19.624959401292525, 50.03899008827189], [19.62491801926803, 50.03900677174699], [19.624799765035387, 50.03899718809445], [19.62463139516826, 50.03892883509339], [19.624434217899818, 50.03891103247406], [19.624305990680604, 50.03897685902055], [19.624304102570527, 50.03902826823687], [19.624422744545768, 50.03912687322002], [19.624467818801925, 50.03926434865064], [19.624401549683153, 50.03930672248037], [19.62416374075437, 50.03921578611346], [19.623936680925855, 50.039183511636516], [19.6238398929666, 50.039204393127065], [19.623843966406312, 50.03930119038763], [19.6239699734349, 50.03938145051961], [19.623964145383667, 50.03944369276963], [19.623901953743122, 50.03948503568135], [19.623694676131947, 50.03939321628769], [19.623637188722984, 50.03939449789698], [19.62346348901383, 50.039534294118305], [19.623599924514526, 50.03963332073725], [19.623671569273558, 50.03979359047014], [19.623788987915766, 50.03991546965978], [19.623778507663754, 50.03997927519997], [19.623711755557746, 50.04003360165301], [19.62320252215821, 50.0401775397965], [19.623078615262187, 50.04016536970339], [19.622981490118953, 50.040051553246904], [19.622874313851828, 50.04002555466678], [19.62282644218807, 50.04005429895968], [19.62282482250584, 50.0401694613371], [19.622767111828058, 50.040220028189765], [19.62246911596867, 50.040285636034206], [19.62238458634576, 50.04044396261404], [19.62230851198427, 50.04049709860871], [19.622117515839527, 50.04047289155219], [19.621911060934934, 50.04037908592558], [19.62185507692004, 50.04039856211076], [19.62182134126548, 50.04050893720472], [19.621638147769687, 50.04059254065047], [19.621637971516744, 50.040676699351046], [19.621446572099565, 50.04070068104502], [19.621318649817102, 50.040799416952424], [19.621118365894286, 50.0408654628646], [19.620935769705213, 50.04097685615474], [19.620907549449484, 50.041060321913264], [19.621114097952944, 50.04117526053701], [19.621142159827986, 50.041136300959295], [19.62108702243243, 50.041033591840446], [19.621116419662716, 50.040987005328915], [19.621223078382574, 50.04097262737183], [19.62133286383547, 50.04100018702924], [19.621510267749418, 50.04112368030967], [19.621508054751285, 50.04125457080158], [19.62147192059349, 50.041263402839306], [19.62153495121911, 50.041378164274036], [19.621442462760267, 50.04139010331213], [19.621288084134296, 50.041242606350615], [19.621222583963974, 50.04122870048315], [19.621066087817926, 50.041432926997686], [19.621145741334423, 50.041639959505694], [19.62109110638536, 50.04170000318455], [19.62086155299699, 50.041691071101575], [19.620916471601927, 50.041825787585665], [19.620784017924, 50.0419607049401], [19.62067530969232, 50.04202702921929], [19.6205695842491, 50.04204285641886], [19.620303939067284, 50.04222627274929], [19.620096671679267, 50.04222884354686], [19.620099306464315, 50.042302515560976], [19.619957443612382, 50.04234182997179], [19.620010593323766, 50.042455395730336], [19.62002678321526, 50.0426698565618], [19.619970251348303, 50.04273266453021], [19.61958759849869, 50.04283331428486], [19.61949691666002, 50.04296225315346], [19.61925611055663, 50.04293654970829], [19.619236427523497, 50.04304349461971], [19.619537212474924, 50.04332922750444], [19.61952003943933, 50.04339735888228], [19.619426692613587, 50.043468270584384], [19.619514817542495, 50.043530731142816], [19.619340554843035, 50.04362369849588], [19.61935958158888, 50.04367104050918], [19.619315087217498, 50.04373273255467], [19.61911907279142, 50.04374190941788], [19.619078665931013, 50.043826578426255], [19.618947785261597, 50.04390630437275], [19.61878936601967, 50.04393364141663], [19.618702979196893, 50.043888464746516], [19.6187666340689, 50.04376244177156], [19.618490122609696, 50.04355045672532], [19.618294124048486, 50.04366609216408], [19.618221788768725, 50.04362270091178], [19.618187177709718, 50.04352491045284], [19.618085202926867, 50.04345859742118], [19.6178477432867, 50.04359828526074], [19.617568492931483, 50.04391928363206], [19.617365008630223, 50.04358093559398], [19.61706888022671, 50.04368746337084], [19.617220870340397, 50.04394220646906], [19.617174603996496, 50.04395855924618], [19.61695763780995, 50.04389995635836], [19.616903891421565, 50.04392880803032], [19.61699137437627, 50.04407182701987], [19.61688697540266, 50.04415038855941], [19.616895067157667, 50.04423585372386], [19.61676997594767, 50.04425486344572], [19.616807236789427, 50.044367252195435], [19.6166338079613, 50.044411491315635], [19.616516734528737, 50.04447699266793], [19.616789765213944, 50.044639937042184], [19.616750960321692, 50.04465898613294], [19.616772640144198, 50.04475482456802], [19.616706340994547, 50.04478316686204], [19.616666642789014, 50.044901291991], [19.616366896053176, 50.044958501243414], [19.61638233809138, 50.045047881385415], [19.616313908317235, 50.04504832429466], [19.616264573412234, 50.045355875930206], [19.61630534128477, 50.04542397837565], [19.616437381244214, 50.045425642606844], [19.616454619859937, 50.04549625184473], [19.616372952732377, 50.04552000487468], [19.616252441088434, 50.045617564742074], [19.61620805230552, 50.04581134248891], [19.61616465553966, 50.04580066456696], [19.615989207290504, 50.04587122384671], [19.61585832609915, 50.0459845746492], [19.61569275932553, 50.04597369813027], [19.61559311329195, 50.046010813361086], [19.615401071507502, 50.045896128026286], [19.61516841415336, 50.04583427749432], [19.615144883675903, 50.045870772070096], [19.615279816135423, 50.04608251437082], [19.615241745296295, 50.04614877727099], [19.615280061361926, 50.04624868084362], [19.615224493537614, 50.0463115879182], [19.61515357486181, 50.046335378437405], [19.615037740222306, 50.046304234095054], [19.615012271228313, 50.04620915936584], [19.614934508806698, 50.04618704330971], [19.614783937484738, 50.04623475738286], [19.61448056556719, 50.046247770080456], [19.61436586655849, 50.04635178138428], [19.614277219339588, 50.04633660617208], [19.61411638354812, 50.04641354127528], [19.613966557724154, 50.04639907383648], [19.613878998139313, 50.04645278646433], [19.613867534989765, 50.04665684728627], [19.61373148660606, 50.04657609667261], [19.613672657162727, 50.046582497211176], [19.6136717729482, 50.04653564075397], [19.61374203476693, 50.046486217418], [19.613681574097445, 50.046447460971486], [19.61362290327434, 50.046438667685855], [19.61338965693689, 50.04654746588614], [19.61357669423903, 50.04681638948437], [19.613420678490098, 50.04681317672721], [19.613106635387137, 50.047021893957066], [19.612975367879272, 50.04704172494969], [19.613065944032506, 50.0471014322987], [19.613280103826106, 50.04713177544858], [19.613227007507145, 50.04717178269244], [19.613283037612813, 50.047436983156004], [19.61322519851948, 50.047462277524986], [19.613012314924735, 50.0474215193545], [19.612779210044902, 50.04745254125669], [19.612640337760165, 50.047489095135035], [19.612550024868053, 50.04757037785507], [19.612465925683413, 50.04758627643443], [19.612361809655134, 50.04791861741475], [19.612413275829798, 50.048085306421676], [19.612353192382688, 50.04826585729489], [19.61212541545449, 50.048300807962846], [19.61203993652025, 50.04826283045323], [19.611528417235498, 50.048254283763676], [19.611426845679112, 50.04807719406432], [19.611302256102086, 50.04818000501765], [19.6113352864311, 50.04833703278363], [19.61118469228542, 50.048503821893], [19.6108675212964, 50.048360656944574], [19.610762753917786, 50.048371721206685], [19.610760490736585, 50.04840658126436], [19.610487646890597, 50.048343520983515], [19.610427657783752, 50.04838515281156], [19.610274055402446, 50.04841424434563], [19.61025518226307, 50.04845852642427], [19.610212277200656, 50.04830992204062], [19.610100888689235, 50.048308498093895], [19.60982282537703, 50.04841648262924], [19.60998795449467, 50.04858777121994], [19.60994704417096, 50.04863115988168], [19.60999383767122, 50.04864997318603], [19.60994580889072, 50.04868842115549], [19.609771866144328, 50.04868202157293], [19.60975209255276, 50.04863179176156], [19.609586611201227, 50.04858386246331], [19.609582292628538, 50.04870915270585], [19.60941634984942, 50.0489792002441], [19.609293629982425, 50.04896150293343], [19.609260399031935, 50.04891308990587], [19.609382777949893, 50.04885799969008], [19.609349936777388, 50.04882222724164], [19.609145917454764, 50.048752927403456], [19.609168836260697, 50.04867983116523], [19.609318909878336, 50.048608618422904], [19.609310732852755, 50.048505027872096], [19.60919004206501, 50.04851140412704], [19.609107681561433, 50.04856850234495], [19.608781855971113, 50.04853168771865], [19.608678654672058, 50.04858997443347], [19.6086179180771, 50.04867187844437], [19.608231675096423, 50.048609341410014], [19.608132708066684, 50.048569490859954], [19.608122700755043, 50.04846650767094], [19.607985863190276, 50.04841802047421], [19.607548948259204, 50.04855286694408], [19.607654210216232, 50.04865987037418], [19.607293513473028, 50.048862976921825], [19.606772037238812, 50.04897144949547], [19.606815070822844, 50.049018812026894], [19.60656604777947, 50.04910726612007], [19.606413893155615, 50.049240491919505], [19.606611287588795, 50.049589575763086], [19.607107092308215, 50.049639766103525], [19.60709613085299, 50.0496855812772], [19.606882953864453, 50.049722315395194], [19.60703458551195, 50.04977116128099], [19.60692065500019, 50.0498381293554], [19.606788673052566, 50.04982440637659], [19.60668389021784, 50.04993230560469], [19.606589167850245, 50.0499242448295], [19.606540253930696, 50.04997383026976], [19.60653546972452, 50.050047413487746], [19.60668431825917, 50.05008148029263], [19.60664078051526, 50.05018651816957], [19.606454201836605, 50.05018229971624], [19.606590221696546, 50.05039415504053], [19.606587200520636, 50.05049365504014], [19.606339385390505, 50.050501559018095], [19.606376095366766, 50.0505937135075], [19.606339541503708, 50.050597410639114], [19.606318927303384, 50.05076431568191], [19.60595756809715, 50.050748556208454], [19.60581714591085, 50.05096338543903], [19.60594847817437, 50.05113939887549], [19.60583457302853, 50.051258337249365], [19.605919447484503, 50.0512352595429], [19.606082462518753, 50.05127210482303], [19.60602810944862, 50.051422599621056], [19.606029841773648, 50.05157970249727], [19.605981630957572, 50.05173247485285], [19.60584863386587, 50.05191524768074], [19.605446834962645, 50.05231153230647], [19.605418284012064, 50.05243895887592], [19.605623826507415, 50.052627553371735], [19.605724429607196, 50.052779819802474], [19.60581949808863, 50.05279058287758], [19.606034386998356, 50.052965172204054], [19.606067957905346, 50.05315125053111], [19.606038654227007, 50.05323721723881], [19.605967906287717, 50.05326424117002], [19.605871728884484, 50.05324833972744], [19.605849685256587, 50.053281343576636], [19.606047542662882, 50.05336904991024], [19.60641645362039, 50.05363099785939], [19.60669153430885, 50.05370929011099], [19.606822905631592, 50.0537926901684], [19.60683165962675, 50.05385690485388], [19.606974069206995, 50.05404141210418], [19.606928444192885, 50.054121968021946], [19.607002921070848, 50.054241100589785], [19.606975925129845, 50.05431010122849], [19.607082691228158, 50.05435589079012], [19.607167974039115, 50.05446840929628], [19.607103329843365, 50.05459810049724], [19.607145802340085, 50.054877257667556], [19.60712476979895, 50.05505863407012], [19.607000148332936, 50.05522429076862], [19.606831110683633, 50.055293654393274], [19.60676333604194, 50.05545652876536], [19.606590890013464, 50.05564602560484], [19.606345307450567, 50.055706107339105], [19.606445929054107, 50.05580981902062], [19.60655340324047, 50.055807153228045], [19.606656424897118, 50.05587142074366], [19.60661916493909, 50.05608739940864], [19.606502951225842, 50.05611693490205], [19.606599174555047, 50.05616520583424], [19.606588999836276, 50.05622235968563], [19.606426306861746, 50.056308792883286], [19.606398594597962, 50.0563687033298], [19.606201213750847, 50.05635086755715], [19.606108439599225, 50.05631369729913], [19.606031146858196, 50.05651822528256], [19.60592247067916, 50.05659604530621], [19.6058156791583, 50.05661364465268], [19.605713271895496, 50.05654952490158], [19.60571290042058, 50.05645424898274], [19.60560905813492, 50.05647610958774], [19.605671338464774, 50.05660166023498], [19.605574416484288, 50.056695043201096], [19.605551247995262, 50.056813046750726], [19.605485260375232, 50.05685874004506], [19.60549166570066, 50.05692202742982], [19.605417854447843, 50.05700152472497], [19.605451645452323, 50.05717519744766], [19.60521612929451, 50.05723458853268], [19.60528453169677, 50.05732721405516], [19.60518322918081, 50.05745889131524], [19.605091684701478, 50.05747559426416], [19.605183217127795, 50.05752192175369], [19.605190870271812, 50.057677027604335], [19.605276205045733, 50.057648111392915], [19.60528865607107, 50.05759440179819], [19.605376511188037, 50.057589343339885], [19.605499513775722, 50.057672644247], [19.6056369316067, 50.05768265746969], [19.605675769396854, 50.057768993132775], [19.605826609677035, 50.05782187712481], [19.60608582006683, 50.05801003626454], [19.60610942671452, 50.058101493834144], [19.606202304757407, 50.05811591676429], [19.606285074458874, 50.05817553550149], [19.606396896876966, 50.05835077436049], [19.60622967504944, 50.05848238025182], [19.606035349924515, 50.05837808248897], [19.605870058278228, 50.05835631568063], [19.60579488847663, 50.05830434082673], [19.60568496269286, 50.05831911503712], [19.605625948282057, 50.05829763559604], [19.605577532508786, 50.05841160588246], [19.60581436185029, 50.058519112483744], [19.605814449122434, 50.058569106394735], [19.605737589527774, 50.05860432897106], [19.605619114237957, 50.05860083753476], [19.60553190795121, 50.05865571701096], [19.60543699764534, 50.05863689828094], [19.605499951815055, 50.05874878293264], [19.60540451663146, 50.05878150622798], [19.60492992168463, 50.05878659208999], [19.60473361739007, 50.058875765918074], [19.604612708935665, 50.058965756036], [19.604494415771217, 50.05921591648342], [19.604595051089504, 50.05921335007606], [19.60465375633017, 50.059264768086294], [19.60474963050146, 50.05951300775175], [19.604879669997757, 50.05959459557039], [19.605248434851024, 50.05995931814201], [19.60570425100233, 50.0602603464129], [19.605929961931942, 50.06055420324423], [19.6057985681452, 50.06056737097405], [19.605609638871076, 50.06039713962821], [19.605541076741687, 50.06040620652883], [19.605436186111223, 50.06033867869477], [19.605212434356154, 50.06042051012823], [19.605385950463003, 50.0605297742415], [19.605408523289096, 50.060584624009955], [19.60532392499663, 50.06066021515875], [19.605373847288508, 50.06075450669902], [19.6052111885595, 50.06079580117696], [19.605200132444878, 50.06083990657745], [19.60529413767629, 50.06085416392654], [19.60550897578832, 50.06097867050553], [19.605568256631052, 50.0610826054114], [19.60551546860248, 50.061125669933084], [19.605401135634985, 50.061094714022666], [19.605278952444934, 50.0611321790316], [19.60530237134606, 50.06119639016165], [19.605262441070582, 50.06126325677624], [19.605347928806808, 50.06130362160093], [19.605345886961736, 50.06139121980247], [19.60523281921615, 50.0616874802759], [19.604933527534175, 50.06161896429917], [19.6048869723331, 50.061813071043126], [19.60535201194792, 50.06199885025899], [19.60548699724103, 50.06215099026201], [19.60549189935985, 50.062266140579936], [19.60543516761684, 50.06233918934174], [19.604883781878065, 50.06254666547001], [19.60445748473243, 50.06255869919349], [19.60424228347217, 50.06260538483661], [19.603870649711986, 50.06276249243655], [19.60368419006095, 50.062896830422495], [19.60330442511734, 50.06302596468582], [19.603166403176797, 50.06312761613471], [19.602834591880825, 50.063288796312975], [19.60240168087782, 50.063578685560984], [19.602113977508505, 50.06368788436967], [19.60188401193954, 50.063896235131324], [19.60181239095863, 50.063928640939075], [19.60150958095457, 50.063961588029585], [19.601446587265322, 50.06401432848177], [19.601423060488035, 50.064232538833906], [19.601336139314483, 50.06428669927422], [19.60096977348974, 50.0642523417973], [19.600710193771015, 50.06433085541464], [19.600466279508893, 50.06445181748906], [19.60057981034248, 50.06452970427413], [19.600577591037407, 50.064598868412254], [19.60010620979196, 50.0647961659914], [19.600003713334807, 50.06490543539862], [19.599701857913082, 50.064953315225125], [19.599567431513773, 50.065050959606424], [19.59955043215553, 50.065241374635626], [19.599463031380143, 50.065287885101796], [19.599420006315942, 50.06539346579208], [19.59919201679946, 50.065624403783126], [19.599015450202888, 50.065686831650815], [19.598965179773586, 50.06584447550337], [19.598870672841073, 50.065943050534685], [19.598558209370033, 50.066062281892734], [19.598418579007156, 50.06623763871842], [19.598087486659658, 50.06641598785055], [19.597997995223427, 50.06651012699674], [19.598016596254567, 50.06681120779665], [19.5978786357801, 50.06689082450221], [19.59770000832451, 50.067062022813744], [19.59768981715823, 50.067167190320205], [19.597804069366546, 50.06740244000055], [19.597790162140292, 50.06753444724185], [19.597515222390044, 50.067683801141], [19.597483598252946, 50.06778142649912], [19.597621066518823, 50.06789602101789], [19.59763030010531, 50.06795781437098], [19.59739547243186, 50.068053703565454], [19.59750998359657, 50.06814599156478], [19.597595818083295, 50.06816779914293], [19.597692018773014, 50.068265260617096], [19.597533889388927, 50.06854289608606], [19.597706791196444, 50.068644880948035], [19.59772001780806, 50.06871346616422], [19.597566860611046, 50.06878705440451], [19.597501470655168, 50.06886889625719], [19.597707996800438, 50.069058594998886], [19.59773608669242, 50.069144443659575], [19.597646711888125, 50.06922959241102], [19.59754920397529, 50.06926788695622], [19.5974725192132, 50.06939688765982], [19.5973704730571, 50.06978228947374], [19.5973458864972, 50.07028030187741], [19.59715253371976, 50.07043378790023], [19.59696517352019, 50.070424959363365], [19.597061413088706, 50.07070791663895], [19.596716775341854, 50.070848739778356], [19.59663272301842, 50.0708448898113], [19.596522613609814, 50.07097015886334], [19.596481571593543, 50.071098331077074], [19.596386928083145, 50.07117712108319], [19.59567064173027, 50.071326437420325], [19.595279438694508, 50.07152365272317], [19.59540970470825, 50.071813227298776], [19.595308104074494, 50.07194354349849], [19.594725893102563, 50.07205554337878], [19.594533373764417, 50.072246889394776], [19.59407411765798, 50.072348685878], [19.5940373240162, 50.072594068055565], [19.594320705186455, 50.072840630842585], [19.593537772196573, 50.07322785147145], [19.592350923797888, 50.073390865975355], [19.59243359654863, 50.07365451057725], [19.59198409804462, 50.07390909298339], [19.591794489531228, 50.073952739285424], [19.59178300748897, 50.074239788764494], [19.591706786247123, 50.07435215697085], [19.591254180548983, 50.07456938409747], [19.590647780022554, 50.074632965446604], [19.590695068151756, 50.074816606747824], [19.59041913438357, 50.07496431334423], [19.59019467608115, 50.07493362360738], [19.59020082195203, 50.07534608506484], [19.589782412861577, 50.07592316606769], [19.589536738668528, 50.07593447739045], [19.58947230039909, 50.076116401749566], [19.589294904893823, 50.07628625334151], [19.589142620389985, 50.07625742784431], [19.589113468344753, 50.076289083252576], [19.589230239196805, 50.07644731450043], [19.588673701601802, 50.076867465424826], [19.588365696086456, 50.07675546211767], [19.58815343150778, 50.077493870423616], [19.588257282400534, 50.07783510243608], [19.587832841966154, 50.07783389550171], [19.587797946662782, 50.07811328659938], [19.588112453079496, 50.07822303264856], [19.58813840550862, 50.07838123916173], [19.5880575379053, 50.07855612930504], [19.588138734661694, 50.0786839871279], [19.588305117574944, 50.07881818597636], [19.588288651524458, 50.07887454226943], [19.588159260421232, 50.07895560039615], [19.588146386874453, 50.07899905260072], [19.588087614860104, 50.07900202421428], [19.587890758758626, 50.079277287081084], [19.587735190594113, 50.07940747953522], [19.587711877075318, 50.079544675960946], [19.587581103346825, 50.07964891470005], [19.587274223682293, 50.079650215248556], [19.587129617473856, 50.07972587197135], [19.587183351515048, 50.07986580442312], [19.587560017436893, 50.08004788085226], [19.587676773006468, 50.0801734742118], [19.58779180621797, 50.08063353037109], [19.588026889887583, 50.08060779734549], [19.588116014398718, 50.08066314962991], [19.5881338895437, 50.08086580627669], [19.588250619863683, 50.08108751786728], [19.588163593893725, 50.08121503782645], [19.58824331315989, 50.08126015572705], [19.58826940456267, 50.08136612319817], [19.588513113738102, 50.08159396447457], [19.58845283995029, 50.081686023785295], [19.581551706055798, 50.08836080485657], [19.5788178419083, 50.09064357431949], [19.578065608899724, 50.09155185407168], [19.578065087963253, 50.091808132483706], [19.577862708010667, 50.0919756550797], [19.577697590437655, 50.092053116835366], [19.576721577061427, 50.092823593489825], [19.576187005715916, 50.09314315920808], [19.576010252676152, 50.09302823776411], [19.575497697711594, 50.093378101982026], [19.575536381626293, 50.09341688044483], [19.57531944079302, 50.09356842217432], [19.57462624251239, 50.09336884315927], [19.574236601330437, 50.09332071904621], [19.573554253178607, 50.09356562643986], [19.57331464541548, 50.093214171529446], [19.57305680259918, 50.093396766486386], [19.572756679769086, 50.09369456155279], [19.571248172238576, 50.094728008997826], [19.569987412013045, 50.095761701786614], [19.569804901041906, 50.09586852009767], [19.5691500302535, 50.096108705005456], [19.568440076166894, 50.096250559340135], [19.568217333995747, 50.096342312800346], [19.567375920492225, 50.09653783680788], [19.566289607524773, 50.09663978596737], [19.56587462287392, 50.096709558995684], [19.565371998430475, 50.09684010894369], [19.564413953993157, 50.09721453944307], [19.56347029964923, 50.09763544633615], [19.562742810559588, 50.09790418865375], [19.56215949533716, 50.098184692845855], [19.560495416719245, 50.09874366101199], [19.56019722931389, 50.09874931410587], [19.55963174425262, 50.09892383724548], [19.55849484351431, 50.099120755466515], [19.556525516507932, 50.09914423512139], [19.55411347496347, 50.09964432949523], [19.553763082273065, 50.09906235084313], [19.55211844586647, 50.09916683131233], [19.55141015998434, 50.09913893295197], [19.550574434941545, 50.09904937590832], [19.55052232035445, 50.09949785063492], [19.55058140083244, 50.099832982196226], [19.550153715266198, 50.100525561554775], [19.549074305672455, 50.10169499681349], [19.548622833716756, 50.10225285028106], [19.54822131009258, 50.103003205182056], [19.54795221688536, 50.103317149512684], [19.54724463056519, 50.10435940256852], [19.546362759367852, 50.10554216403644], [19.54574072142357, 50.10623175363229], [19.544191197967976, 50.10745118030159], [19.543596406094924, 50.1077753261552], [19.54326819387033, 50.10800372813371], [19.54286090598689, 50.108446662752755], [19.541310462995654, 50.109447636187966], [19.540154477692756, 50.1103028525206], [19.539438563598942, 50.111281232892985], [19.53919736087989, 50.11168827050249], [19.539201238876522, 50.11238336145137], [19.539258004013043, 50.11305897684649], [19.53935686898338, 50.11343093980398], [19.539593261977767, 50.11380499241531], [19.53912064132704, 50.114498943471816], [19.538747265977815, 50.11535895570742], [19.538756680518578, 50.11583058766751], [19.53890495085666, 50.1159255156374], [19.539077519295788, 50.11626046213462], [19.539268859766906, 50.11642894244252], [19.539339717141036, 50.116715133704645], [19.539168895778115, 50.11708999727502], [19.53887372197241, 50.117277621523534], [19.537143235089776, 50.117805209441165], [19.536625388798104, 50.11792060781413], [19.53635299341776, 50.1181357569886], [19.53630434782254, 50.118309398638], [19.536362345764264, 50.118406878179165], [19.53696353959096, 50.11878706281884], [19.537312327938984, 50.11906623727833], [19.53755610868785, 50.11947815094449], [19.537895768509546, 50.11980477352501], [19.53921066891758, 50.120788133546405], [19.539197366281503, 50.12145221195826], [19.539889149265452, 50.122138871283205], [19.540076991495695, 50.122855336326495], [19.539919061635413, 50.123421881161676], [19.53979028662938, 50.12367822698035], [19.53867385405557, 50.1249077908221], [19.538422242212942, 50.125390073172554], [19.53813941030522, 50.12581810296448], [19.5374889919744, 50.12654963998854], [19.53683295725013, 50.12750597921742], [19.536637833456894, 50.127900673252434], [19.53638167867733, 50.12906255884379], [19.536434349795634, 50.129967854210754], [19.53628204298286, 50.13012778060932], [19.53530828608357, 50.13058422582163], [19.534513776931785, 50.13120737936995], [19.53426250000221, 50.13135571371896], [19.534107645865976, 50.131667291126874], [19.534067290833267, 50.13198543912923], [19.53272529406218, 50.13349874516052], [19.532286913647916, 50.13443083423626], [19.532206346807854, 50.13482373172477], [19.53267085215883, 50.135498117886065], [19.53274915981747, 50.13567749802521], [19.532786437215897, 50.13651890822613], [19.531851855265348, 50.13740654249074], [19.531813346890118, 50.13761798423693], [19.531898826780335, 50.13884280232149], [19.531892242137538, 50.13958352507011], [19.531842362803232, 50.13985101957638], [19.53190875256281, 50.14066666453832], [19.532959734080222, 50.14066178510386], [19.532963918763553, 50.14055699763851], [19.534047700137712, 50.14055000515802], [19.53934272270488, 50.14063651549821], [19.53960020517801, 50.14051980828042], [19.539855177447567, 50.14032007786344], [19.54030252242482, 50.14020746484255], [19.540487073217587, 50.14020690745596], [19.54102989167692, 50.140055479723074], [19.54126468605462, 50.140049707958205], [19.54151905718274, 50.139910838454306], [19.54181732471905, 50.139865041655874], [19.542080680698607, 50.13973887178612], [19.54254456220526, 50.13963419042908], [19.54288265306913, 50.139474789291256], [19.54406835031522, 50.139169746907974], [19.54556781762635, 50.13942330542686], [19.545834085215898, 50.13944525265122], [19.54662938661714, 50.13958513632941], [19.546955434049455, 50.139670409658535], [19.546674922046844, 50.13978145001364], [19.54621073778783, 50.14020561005758], [19.54627355371522, 50.14037642471095], [19.546239647759638, 50.14053496893009], [19.545992680245977, 50.140605336722984], [19.545057935803676, 50.141934701680945], [19.545041966692583, 50.142041409830014], [19.5452155464886, 50.14269330623536], [19.545152938503588, 50.1428615609092], [19.54527070372222, 50.14301049597398], [19.54528749280114, 50.1430998057743], [19.545459334020894, 50.14326327061375], [19.545424327889634, 50.14332415372273], [19.54550202386384, 50.143552640039076], [19.545617854918635, 50.143634539418535], [19.54559435002793, 50.1437845770916], [19.545460014618442, 50.143891241260384], [19.54537988295073, 50.1441823223388], [19.54528018279329, 50.14431230539792], [19.545201962405145, 50.14433560231233], [19.545287305177066, 50.144423438889426], [19.545295085090725, 50.144577469775065], [19.54511833124588, 50.14472799076864], [19.545161966087676, 50.14477307415532], [19.54511225299388, 50.145025690419516], [19.544865690586263, 50.1453194579066], [19.544895505214757, 50.14548129659235], [19.544796875434837, 50.145544550345384], [19.544858935427655, 50.14562966774415], [19.544768761826194, 50.14569174749942], [19.54474056916849, 50.14599368627371], [19.54467635143594, 50.14608385545399], [19.544690342266996, 50.14619176753463], [19.544641229982652, 50.14629779043572], [19.544392345975687, 50.146384135615115], [19.54416678458259, 50.14651339207672], [19.544145660307958, 50.14655934321223], [19.543484777193658, 50.14686209000421], [19.543346601757236, 50.14707846822592], [19.543212368490565, 50.14720630867572], [19.543134418487885, 50.147232347214704], [19.543053164166366, 50.14748884246411], [19.54286729478912, 50.14761014246643], [19.542337442530457, 50.148078060364305], [19.542554358460826, 50.14814156521099], [19.5427335046769, 50.14828300096922], [19.5428578407205, 50.14831720017574], [19.542951241623314, 50.14843004579267], [19.542944934574564, 50.148561824193116], [19.543024407085362, 50.14877596513976], [19.543139703699943, 50.148886657629056], [19.54312141427857, 50.149110944251426], [19.543214525960718, 50.149261010536314], [19.54324335601116, 50.14939903104791], [19.543154263415744, 50.14953575199541], [19.5431108624843, 50.149789754928015], [19.54322921890546, 50.14995641239396], [19.543158410352046, 50.15017293687926], [19.54303144641018, 50.15034937428784], [19.543107728563175, 50.150505343634556], [19.543000958512025, 50.15087831728776], [19.542661367314782, 50.15146650125154], [19.54283705075569, 50.15180975085613], [19.54286963773372, 50.152118835521534], [19.542607490506857, 50.15243321294807], [19.542639266735296, 50.152644640567374], [19.542590154258306, 50.15282394266727], [19.542677342725348, 50.153104580374126], [19.542729450646263, 50.153181211861245], [19.542839000686662, 50.1532142614548], [19.542908370517257, 50.15331230417944], [19.54292807072029, 50.15342845086151], [19.5429773110453, 50.153467871943505], [19.542970866140198, 50.15358588822343], [19.543128083996063, 50.15380949940421], [19.543117341973158, 50.15389127652793], [19.543286949304715, 50.154246047979605], [19.541722263236313, 50.15475528515715], [19.54153363048871, 50.155943430283365], [19.54110231777544, 50.15959189703336], [19.540958772638916, 50.16039006013891], [19.53696052196462, 50.16249185388029], [19.53713908216659, 50.16266562759996], [19.53735241807728, 50.16275385501521], [19.537480031183062, 50.16292240629409], [19.537824958399852, 50.16309788285492], [19.538167610249626, 50.163390208767694], [19.538353903179303, 50.16390576644316], [19.53856240740045, 50.16416849569407], [19.539207562263677, 50.16465551178629], [19.539459554435236, 50.164916105376385], [19.53964156819313, 50.165042640491166], [19.539728788949187, 50.16516071099244], [19.539921213338054, 50.16544386194058], [19.540141756769536, 50.16624534150579], [19.54133430072372, 50.16789901031693], [19.541568448524504, 50.16844323364603], [19.54222533907038, 50.16958646600996], [19.54236157807069, 50.16988920822069], [19.54338713867778, 50.169659134925176], [19.544566144924016, 50.16943797483084], [19.54637922502072, 50.169174973863754], [19.54653753403968, 50.169302347033515], [19.546841085515787, 50.16927746305017], [19.547476584386697, 50.169140651444515], [19.54837637084955, 50.168994821863784], [19.54915035149041, 50.168907476298216], [19.549503539374193, 50.16879194273977], [19.551308510595835, 50.16832533999854], [19.55136474445213, 50.168428543399976], [19.552341757523276, 50.1681621110946], [19.552728200121972, 50.168693165693554], [19.55355107474502, 50.16846964098215], [19.554192717655035, 50.16837872535645], [19.554940383052884, 50.16834631074106], [19.555809741667744, 50.168261276469146], [19.555763134898367, 50.168887936645305], [19.556619206685365, 50.16895612424727], [19.557756467192476, 50.168988775160905], [19.557778566393345, 50.169389346425874], [19.55945636649893, 50.16939308604314], [19.559458230793815, 50.16997359339362], [19.559403964243945, 50.17033041796641], [19.559651165653477, 50.17094810286821], [19.559844973557297, 50.17113495228605], [19.55989156523261, 50.171554978308755], [19.558369589936724, 50.17212062618547], [19.557831372930583, 50.172225167548405], [19.557917551082884, 50.1727061979539], [19.55763971221573, 50.17311805995683], [19.55771747929154, 50.173190237522775], [19.557701493553843, 50.17325154009293], [19.557646793452864, 50.173310653505844], [19.55725778209607, 50.17350884721359], [19.556987948790248, 50.17385445065423], [19.556562517055013, 50.174076286440666], [19.556194984542643, 50.174197867188916], [19.555521854192772, 50.17452730361799], [19.555496817535616, 50.174661143720776], [19.555327959447713, 50.17464762436267], [19.555225530015395, 50.17471081844682], [19.555190335182033, 50.174782221805415], [19.555050416748006, 50.1747839877574], [19.55501326782621, 50.17481805249522], [19.554666251030884, 50.17491362882312], [19.554417791592012, 50.17492123631938], [19.554197284668756, 50.17485159558556], [19.554002864007536, 50.17517933888777], [19.553676199805206, 50.17543997779003], [19.55331169354168, 50.175813076230575], [19.5527007002902, 50.17624855949165], [19.551685533389993, 50.17713621213113], [19.55066416916286, 50.177898888228874], [19.549911036872032, 50.178689541031375], [19.549574561382432, 50.17924487342521], [19.54915813770352, 50.179628819435536], [19.548587674268887, 50.17996228561071], [19.548020522936756, 50.18024166226943], [19.54775391827635, 50.18051886019993], [19.547693263262005, 50.180796744751106], [19.547935591014962, 50.181126341653375], [19.546958249039683, 50.18191471143784], [19.54665057850167, 50.182515622292605], [19.546589239019468, 50.18286650766262], [19.546836557708744, 50.18317476970545], [19.546791367472878, 50.18346417632292], [19.547049909710882, 50.18375342665193], [19.54697624889488, 50.18384125008342], [19.54702276758898, 50.18400646418746], [19.546927158607232, 50.18410228508691], [19.547059767749598, 50.18425463953805], [19.546822911441048, 50.18442736790992], [19.546720699323224, 50.18462075239535], [19.546207157622245, 50.18483875048982], [19.545828947526907, 50.18493480928837], [19.54552527487355, 50.18504798476457], [19.545246789540997, 50.18509260095987], [19.543663097808167, 50.18564613477954], [19.542117082530336, 50.18594988990298], [19.54148918900913, 50.1860452280328], [19.540482759298794, 50.18612249950039], [19.539364225598224, 50.186757526538365], [19.53889708348324, 50.187279624936394], [19.537358900579054, 50.187498446917466], [19.536434091588706, 50.18719044144303], [19.535727109034365, 50.18706850914158], [19.53577963100246, 50.18721941726924], [19.534238041427944, 50.18736154842336], [19.533856609044395, 50.1874973595188], [19.533118822248593, 50.187667871873956], [19.53221956598278, 50.18775595621312], [19.53122564089801, 50.187962601751366], [19.530642778766985, 50.18819529969599], [19.53048142539883, 50.18836939961617], [19.53033961095221, 50.18843833241089], [19.529760106311006, 50.18849990755792], [19.529613302964407, 50.18854210700636], [19.52914674912176, 50.18881763017253], [19.528891397922635, 50.188800909219275], [19.52857345638831, 50.18885676451575], [19.527722495352197, 50.18882611024064], [19.526744864578863, 50.1887476273845], [19.525831880335367, 50.188889346645105], [19.52494861231675, 50.18878911822105], [19.523949847289224, 50.18881940896286], [19.522503929994592, 50.18865851158634], [19.521755458829865, 50.188678749710334], [19.520387717367882, 50.18864865654887], [19.521190704020405, 50.18904434376778], [19.521379018971075, 50.189644488815745], [19.521944013724056, 50.19003794997926], [19.523174402410806, 50.190472239470424], [19.523692406527775, 50.19157280646233], [19.524533816634303, 50.19223294546231], [19.52499008063561, 50.19252062023907], [19.525619078877632, 50.19267066990805], [19.527734503877582, 50.19337680130521], [19.530848981784928, 50.19394375995486], [19.53207917273868, 50.19459131693858], [19.532395613837114, 50.194727129106845], [19.53326881620041, 50.19500906868463], [19.53323055495215, 50.195343514183485], [19.53200812528359, 50.19551958763656], [19.531167727030738, 50.195515077671224], [19.530243190331998, 50.19590152094257], [19.529778767149637, 50.195964067889136], [19.529230786336814, 50.19672652252832], [19.528954367178667, 50.19703843957876], [19.527878804870554, 50.19745612955279], [19.52722729996012, 50.19765287418077], [19.52599692833103, 50.197770339967576], [19.525795114692503, 50.197814803723816], [19.525378357703666, 50.19800705422746], [19.52504173785295, 50.19823053186176], [19.524804176715026, 50.19844852307445], [19.524697270666206, 50.19861305618054], [19.524702905881135, 50.19871652855372], [19.525018406338987, 50.19905123794331], [19.524997084209875, 50.199234031549054], [19.525337269893456, 50.199672454257914], [19.525301950908414, 50.20071410581218], [19.526436067646276, 50.20078631290723], [19.526912889921864, 50.20075495664658], [19.528174856718326, 50.20054176353001], [19.5288641497223, 50.20051587855803], [19.531283477830804, 50.2007260512206], [19.53226148526495, 50.200686263044744], [19.532547319004884, 50.20071145362678], [19.53293978993475, 50.20087259107893], [19.53342381822617, 50.20096708829472], [19.534547273093704, 50.20098090736444], [19.535889835005715, 50.20110402509269], [19.537383778341127, 50.20159561124847], [19.538238241943713, 50.201808133048], [19.538371167641323, 50.20196454699848], [19.545310243694207, 50.20071194064525], [19.547353928705963, 50.20028138455279], [19.548352030270095, 50.200289546236306], [19.548548030514688, 50.20033479432694], [19.54900732666513, 50.200266353779185], [19.551494283863487, 50.199711605901285], [19.55167600599168, 50.19990466833518], [19.552094232690965, 50.20017944293034], [19.55243485643277, 50.20048211118101], [19.554650768790832, 50.20020444793297], [19.555587720686784, 50.200159366973175], [19.55573878900042, 50.200194423438], [19.557800793349305, 50.20012356559924], [19.55857478324078, 50.200070682705686], [19.559199154738028, 50.199967026024005], [19.55981780941905, 50.199904295657866], [19.560824994082736, 50.19968471196477], [19.563378548209545, 50.19927628495235], [19.56376854538392, 50.19958357648314], [19.564057831718372, 50.199680752827106], [19.564451753924367, 50.19977805274376], [19.565714093820382, 50.19999696555882], [19.56633190858659, 50.20019338556897], [19.56783639684026, 50.20054795080433], [19.56841069819312, 50.200731530027305], [19.56954893546997, 50.20044766922152], [19.57181285339392, 50.199989544113144], [19.575734345419, 50.19940155535808], [19.576349621432588, 50.19993643959691], [19.577538473144028, 50.20106736790948], [19.578332354819185, 50.20168382177785], [19.580348014037412, 50.200191725602345], [19.581186402582528, 50.19967148028405], [19.581386508037085, 50.199560273806746], [19.58170064311144, 50.19951025168315], [19.58298694715754, 50.19896228351299], [19.583451788027062, 50.19942372366736], [19.58422517862144, 50.19972591010849], [19.586536167156883, 50.19878730586078], [19.58729923310793, 50.19851893625978], [19.587440133825307, 50.198524156382426], [19.58869630236394, 50.1981494712426], [19.588558460478172, 50.19788381098851], [19.588128214288755, 50.19636237413357], [19.588274032414297, 50.194984875900204], [19.58842263152384, 50.1943107132761], [19.588625355322563, 50.19400009837529], [19.58886884894979, 50.19377449697116], [19.589229880979797, 50.19350033084598], [19.589410994232523, 50.19340947008242], [19.590728105763517, 50.19299576157338], [19.592039268268362, 50.19251686880429], [19.59217813412359, 50.192352571911364], [19.59294981255221, 50.19188664022648], [19.59318814447215, 50.19150200045841], [19.593466009332165, 50.19117790103468], [19.594535230194094, 50.190364899335975], [19.5951811019215, 50.18982693845843], [19.595419593413393, 50.189502717802185], [19.597249732145947, 50.18932127039894], [19.598366396396333, 50.189146741828026], [19.59851662316238, 50.18909559556541], [19.599827197249695, 50.188999189451856], [19.600786322061865, 50.18907764282025], [19.601170331398034, 50.18918782632441], [19.60142325367653, 50.18930775931596], [19.60206252030506, 50.18947729880678], [19.602765640779104, 50.18952729885968], [19.6034949509565, 50.18966374648507], [19.603521403943855, 50.189597079103386], [19.60492148358871, 50.18987995682474], [19.60513125071425, 50.190683603520775], [19.605488201534158, 50.190862860747956], [19.606379128931113, 50.19107253155664], [19.60697514218255, 50.191107913726455], [19.607322641826446, 50.19128983923043], [19.60759228269071, 50.191322203754446], [19.608218025307657, 50.19150575329963], [19.608852719418504, 50.19163204200556], [19.609116972241424, 50.191618572602934], [19.609838334192073, 50.19190504009573], [19.611459859826994, 50.19168868284092], [19.611899361307653, 50.19151437915058], [19.612155282259735, 50.19135829079997], [19.612813290625063, 50.191168431744316], [19.61325909274038, 50.19116791052954], [19.61558991743111, 50.19167396245121], [19.616514933663, 50.19181104193504], [19.617088584807917, 50.191709617558615], [19.618328906671714, 50.191787137182374], [19.618582452084002, 50.19184859638788], [19.619319036495348, 50.1919346794183], [19.62032671015513, 50.19199853258516], [19.621622085609808, 50.192207404611636], [19.62231109356499, 50.192282653940474], [19.6251907844334, 50.192389692734736], [19.626423744134275, 50.1925003064937], [19.62740675174689, 50.19250194623647], [19.62767357573305, 50.192452499748235], [19.629390678410882, 50.19190407328104], [19.630120545901068, 50.19241646628441], [19.63061266537504, 50.19256954662725], [19.63119011554363, 50.19294679471503], [19.63117530628401, 50.192969997600606], [19.631558445759666, 50.19319740648754], [19.632803717736298, 50.19357450981338], [19.632846139199128, 50.19370259574236], [19.633136316288525, 50.19389482811637], [19.63372019748729, 50.194131425175094], [19.634117578739968, 50.19439549770641], [19.63481978190584, 50.194721954859396], [19.635982882745136, 50.19494241857384], [19.636427972246857, 50.19515003845853], [19.637178875055515, 50.1956855611233], [19.637471541740688, 50.19583564251156], [19.6393529314877, 50.196455616883476], [19.639966450726273, 50.196799885457835], [19.64084377277631, 50.196925602273026], [19.6417316760756, 50.19679212722078], [19.642449769612256, 50.198042938667314], [19.644734070738426, 50.19849301215627], [19.645292711735852, 50.198774122503465], [19.645322205314358, 50.198707031785744], [19.64814172514594, 50.19995298316224], [19.64766130840877, 50.200263524903384], [19.64757671220316, 50.20035730818419], [19.647155228455894, 50.20100103168785], [19.64654121205104, 50.201780167117974], [19.645844008730908, 50.202849826997706], [19.64527551040832, 50.20329617939867], [19.645133617301166, 50.203745886959844], [19.64494778948514, 50.20406992319496], [19.6450115842657, 50.204557814985506], [19.64489251794779, 50.20506695106332], [19.644590759993026, 50.20552684122097], [19.644559695971257, 50.205960757600735], [19.644635961149802, 50.206468306030715], [19.644603111284805, 50.206757531848744], [19.64461928362623, 50.20681967044854], [19.64480214795098, 50.206838167982944], [19.64438864199538, 50.208047435594764], [19.64444200263503, 50.20852279766224], [19.644856566778746, 50.209061985889], [19.645096206499158, 50.20927256944382], [19.646750277551156, 50.21044192295491], [19.647619868211862, 50.21091006470279], [19.64846987053663, 50.21151670723942], [19.651588878678254, 50.21351565487889], [19.653238517444066, 50.21406185812439], [19.654071927219, 50.21441111648518], [19.656266813502906, 50.21517767391925], [19.656645618577237, 50.21564474486964], [19.656733640467202, 50.21630751916386], [19.656649152940567, 50.216372088517616], [19.656508158673166, 50.217605317155865], [19.65639373163173, 50.21784765684254], [19.656132038407115, 50.21896233278355], [19.656113504290058, 50.219168107994825], [19.65618458943331, 50.21935630795235], [19.656250049086662, 50.22033828038686], [19.65657633554197, 50.221708543956815], [19.65680143255477, 50.2218970856218], [19.657094797058164, 50.222294653244866], [19.657162853195423, 50.22265589897085], [19.657442756568738, 50.22329859124133], [19.65737508824172, 50.2241214073252], [19.657604674121348, 50.225333742157225], [19.65773799538444, 50.22561203293873], [19.658689283640115, 50.22686857584723], [19.660080948718036, 50.22845720135334], [19.660369218376378, 50.228948929433315], [19.66042157440802, 50.22924138858849], [19.660631328964822, 50.22948405258359], [19.66090022721927, 50.22969197239484], [19.66131393910506, 50.23034968324674], [19.66137905624691, 50.23053205639874], [19.662374047908774, 50.23138068926233], [19.66347735388862, 50.23249768875755], [19.66473784857018, 50.23217941614791], [19.666794002772022, 50.231582363381996], [19.668794925085624, 50.23095847706946], [19.67006961718319, 50.232550675072], [19.670944027560566, 50.23338724364848], [19.67150112872188, 50.23375892816061], [19.672006373140864, 50.23419619264218], [19.673006435492145, 50.23536649672517], [19.674221162743113, 50.23700705429427], [19.674684428680283, 50.23782280733706], [19.6759049893172, 50.239525272277575], [19.67685549234943, 50.24036113317922], [19.67805150315067, 50.24151168438241], [19.67673926182486, 50.24253864859323], [19.677727000853235, 50.24360222333482], [19.678302615231306, 50.244314401645816], [19.678814905698953, 50.24504563761994], [19.68097797306174, 50.24781189718549], [19.68192723862918, 50.249301450081106], [19.683224895351234, 50.25225583113135], [19.683631560904804, 50.25336536531341], [19.68367214388494, 50.253663613043784], [19.683868780381257, 50.25418687937128], [19.684531277971395, 50.255143490001885], [19.683072328197774, 50.25582656918529], [19.682806209492206, 50.255936302466836], [19.682365437885565, 50.2560631162401], [19.68263875652691, 50.25646020852964], [19.682462516354942, 50.25658058044684], [19.682658771567056, 50.2567870849965], [19.68238501229456, 50.256949868576], [19.681766894383088, 50.25722644024231], [19.68188166821286, 50.257437955929916], [19.68228479221442, 50.25787815037996], [19.682334072393015, 50.2580338069959], [19.68245600715778, 50.25818417334761], [19.6836838937863, 50.25814297242188], [19.68505735386383, 50.258020327364704], [19.684913540370964, 50.25900044645874], [19.684981820677667, 50.25966341914145], [19.685158200398998, 50.26029722466399], [19.685361188690532, 50.26078998962564], [19.68567325650698, 50.261274187523796], [19.68602645635398, 50.26198668585131], [19.685942516629652, 50.26239681301571], [19.685968838412922, 50.262775728775736], [19.685380302977634, 50.262806206140475], [19.684802620321914, 50.262992620315615], [19.684017397145574, 50.262953161158435], [19.68312110102211, 50.263121752545324], [19.682467125663266, 50.26320056540215], [19.68181696664993, 50.2633188891125], [19.6818209360492, 50.26329196062453], [19.680885435377142, 50.2635489228773], [19.68087928619111, 50.26359380893349], [19.68051990466752, 50.26375714467059], [19.679384495534002, 50.26387767666665], [19.678421621270953, 50.26426629847248], [19.677886125184752, 50.26441683377425], [19.677490598826964, 50.264572915674336], [19.677350711645154, 50.26463516099085], [19.676844117495463, 50.2649775324002], [19.676194214982363, 50.26497390737352], [19.675774568667663, 50.26511927893705], [19.674960443328956, 50.265705844309615], [19.67492301632267, 50.26568977293264], [19.674557191481302, 50.26603337973265], [19.67474008496672, 50.266397989538945], [19.674784010352408, 50.26641242675118], [19.674088516279156, 50.26706993037636], [19.673958572818343, 50.2673242465562], [19.674137505878463, 50.267366748347854], [19.6738100178181, 50.2679758498032], [19.67341424546399, 50.268997494875634], [19.67337456774518, 50.269390495453564], [19.673448247655763, 50.269631670390666], [19.673629541786436, 50.26975610939895], [19.67351137257216, 50.270000309448406], [19.673500290776634, 50.270192144361246], [19.67361131139877, 50.27021031488358], [19.673602756789546, 50.2709171026809], [19.673275395076452, 50.27256540250745], [19.673273936667112, 50.27294598176673], [19.673607765495465, 50.27344313720993], [19.673088462423657, 50.27458151439041], [19.673227533631344, 50.27666473507331], [19.673495870878494, 50.27726265293918], [19.67443358636744, 50.2783869960879], [19.675168494746742, 50.279201612238836], [19.675936521187182, 50.28019903126965], [19.67786692171606, 50.28253982352625], [19.677810974361478, 50.28271055831036], [19.67751208715531, 50.28315123045227], [19.677443599006725, 50.28332883544665], [19.67744553504205, 50.28407916841049], [19.677397557507906, 50.284083747418656], [19.67751760985744, 50.28449115347878], [19.67773456591555, 50.28625291841527], [19.677679121905115, 50.28658253220705], [19.677747039033576, 50.287251076731906], [19.677716040777078, 50.28781258028865], [19.67752522284141, 50.287846643608106], [19.67723406741594, 50.28884233570779], [19.677139840161008, 50.289467046375904], [19.676948190052872, 50.29020897134074], [19.676610362292763, 50.29118623796472], [19.67637778160618, 50.29158180694386], [19.676501107038106, 50.29175521161927], [19.676110024381178, 50.292642947929146], [19.675634059376474, 50.29342793614587], [19.67529482922166, 50.29381707283266], [19.674757659866284, 50.294727775133424], [19.67377316367553, 50.29591047846901], [19.672944545372285, 50.29674061280147], [19.67364222266962, 50.296717556505214], [19.674230528658924, 50.29689752701564], [19.674878115034133, 50.29704058743633], [19.676100433104292, 50.297130130861504], [19.678489143868664, 50.297159920026395], [19.67917606353357, 50.29698817484398], [19.67949923854872, 50.296950487491145], [19.679663888789925, 50.29714296964622], [19.68033915940382, 50.29721959989429], [19.68039353540396, 50.29717193489077], [19.680992746752256, 50.29767432653282], [19.681083386303047, 50.297508120173674], [19.68117915753079, 50.297034475617075], [19.68225629439236, 50.297014323600955], [19.68298452257617, 50.297099720734366], [19.6833579193559, 50.296803647413434], [19.683506758162927, 50.29689317647439], [19.684007206954156, 50.29657057759022], [19.684221531979738, 50.29636728704601], [19.68464933712879, 50.29662226184165], [19.68468900126287, 50.29660400914489], [19.684987516762483, 50.296141916380044], [19.685231563896238, 50.2959192696728], [19.685462125812997, 50.29587008848556], [19.685723089844455, 50.295889133555036], [19.68629354457582, 50.29606110869161], [19.68653095520233, 50.296089416327725], [19.687065131141207, 50.29607531109753], [19.687486920603735, 50.29598827522497], [19.687621150374554, 50.29568562126322], [19.687786812805037, 50.29546990646856], [19.687949115519398, 50.295360968012496], [19.688191805165385, 50.295314615653474], [19.68852109365685, 50.29530403552808], [19.68888443205015, 50.29511680341064], [19.689191917130028, 50.29509770362267], [19.69086867504596, 50.29541780279467], [19.690842487651466, 50.29571223667969], [19.69088977095041, 50.2960555105832], [19.691006438133495, 50.29631019412618], [19.691225333236222, 50.29662977561691], [19.691355097574814, 50.29668347499357], [19.69166508711326, 50.29714650040548], [19.692117785253846, 50.29713010614067], [19.69216578885976, 50.297293924882496], [19.69362412396844, 50.29715181051436], [19.69390110016981, 50.297878168125074], [19.69396713510634, 50.29789122791668], [19.69412894067755, 50.298174467595096], [19.695311843158844, 50.29804982701686], [19.695580830190913, 50.298094294869834], [19.696135241403724, 50.298049265716635], [19.696294882301768, 50.29806813941476], [19.696597429282022, 50.298189225913646], [19.696786079671924, 50.29823036252279], [19.698067648109, 50.2982653133054], [19.698186063729697, 50.2984009667066], [19.69825318913587, 50.29860042193876], [19.69904720269041, 50.29852991972505], [19.699648085712592, 50.298886127547156], [19.70035112480981, 50.29918719010724], [19.70076561180862, 50.29970323767024], [19.701290419242483, 50.29969426697267], [19.702713339099986, 50.299746300146104], [19.704080888891017, 50.29957867534537], [19.70428799585207, 50.29951957487197], [19.70535684454649, 50.29890147761998], [19.70581800863561, 50.29867698021007], [19.706984891942486, 50.29796204636627], [19.706871579369402, 50.297922034203005], [19.70701491244154, 50.29763132787126], [19.70795486712247, 50.29702741749795], [19.708291675265958, 50.2969052853129], [19.708923338639945, 50.296769164591566], [19.71040453421337, 50.29637084732962], [19.710736126938674, 50.2961920062709], [19.71193099366195, 50.2952726058748], [19.712987031982273, 50.2946954759801], [19.71273852476688, 50.29436032303986], [19.712636819311825, 50.29410879438884], [19.712634821784683, 50.293870777704285], [19.71280082764704, 50.29316978140103], [19.713366402419187, 50.29310357487175], [19.713472991784368, 50.293220919764266], [19.71455861129866, 50.29294989053442], [19.715345423874933, 50.292829656676574], [19.71611328130342, 50.29279822007477], [19.716696376161597, 50.29273255052656], [19.717973715353743, 50.292455064446216], [19.7182352264161, 50.29235949590104], [19.71855778614679, 50.29258791991459], [19.718790562116613, 50.29252233334954], [19.71928685683901, 50.29287701713121], [19.719832295320188, 50.29268728928777], [19.72025706603562, 50.29298273897124], [19.72208238408219, 50.292613596297095], [19.724298014835167, 50.29247411628915], [19.724863748828493, 50.2925322924475], [19.72624808397787, 50.292508449281904], [19.7268502303458, 50.29254336818265], [19.728596958021242, 50.29254009933093], [19.73071844694668, 50.29215589841355], [19.730834525878347, 50.29204468730221], [19.731509738571095, 50.29187043774858], [19.7321895246159, 50.29177211901859], [19.733180760906865, 50.291572444873374], [19.73691320814297, 50.29116090165888], [19.737737572323066, 50.29102905625428], [19.73922192912537, 50.29071816013263], [19.73928832066946, 50.29086651399784], [19.739928428401804, 50.29071242449624], [19.740351831871138, 50.29052685210175], [19.740783655766734, 50.29027735281005], [19.741248391649258, 50.29006749941641], [19.741683419923596, 50.289706811670634], [19.741940365013775, 50.289606375238485], [19.742509441393906, 50.28947335110175], [19.742932689945533, 50.289324810963834], [19.743226758009072, 50.28916812928757], [19.743695098056833, 50.28899112260224], [19.745543794502474, 50.28850992587187], [19.745870958904426, 50.28846571364164], [19.745930025230507, 50.28853036751341], [19.746025243836176, 50.28854371260369], [19.74614695300201, 50.28872385840599], [19.746361324392215, 50.28869425232571], [19.746759831139507, 50.28858400322111], [19.747126755686782, 50.28901368701151], [19.747711605542136, 50.28989356385021], [19.74805568383351, 50.28977732923407], [19.748386421821785, 50.290153481797624], [19.748711654689583, 50.290611303102175], [19.74875977399742, 50.29061200092387], [19.749535453178336, 50.29178442421036], [19.749712961345622, 50.291742726934295], [19.7497673657384, 50.291728566738236], [19.74974177895839, 50.291494613215974], [19.75057766253754, 50.291280802038834], [19.75353176027861, 50.28990649231415], [19.75557769468977, 50.28919986665624], [19.75511807719608, 50.288463340343185], [19.75479523766107, 50.287788337921576], [19.754358493757195, 50.28723556151991], [19.754062464259615, 50.28665237347513], [19.75373899793414, 50.28634087091686], [19.75254286207973, 50.28501893654722], [19.753663832404225, 50.28440482227421], [19.754689281051533, 50.283702100570785], [19.756036314549174, 50.28293474949857], [19.756240941723057, 50.282820145051616], [19.75710528302643, 50.28252495259812], [19.7575536537885, 50.28239901585731], [19.758793751117818, 50.2819635199015], [19.759143020270894, 50.281887228473074], [19.759491005936475, 50.28159037076298], [19.760348595060172, 50.28108352175116], [19.760952699666728, 50.28082760321586], [19.762185106474842, 50.28042615536451], [19.762761448057226, 50.280320352786084], [19.768172388004842, 50.27856171520124], [19.769293302516274, 50.27826789263389], [19.770477044559108, 50.27787663111176], [19.772089128266312, 50.27740851433657], [19.776039919931463, 50.276501177071054], [19.777621733902752, 50.27610441389673], [19.77460254345959, 50.27140183611343], [19.780746175255686, 50.271063558901005], [19.782455583493224, 50.27070466253529], [19.785504153760343, 50.270161938802005], [19.78568287492543, 50.27039352875792], [19.785818929596232, 50.27066459314728], [19.78943171148782, 50.270297411384064], [19.789386924931396, 50.2731534143338], [19.792629890291263, 50.27361953002332], [19.793525373136493, 50.27356418324297], [19.793919178407116, 50.27295319036245], [19.793957870658094, 50.27278770633849], [19.794153148646565, 50.272399159774906], [19.794447461568005, 50.272083029410766], [19.795131550715528, 50.27161988946979], [19.795417293428123, 50.27135941253954], [19.79582530257059, 50.270823186358015], [19.7967140206427, 50.27052750320388], [19.797593705201614, 50.270534359822115], [19.798716002646547, 50.27021536322505], [19.799294929653307, 50.26982564793576], [19.802391127060027, 50.26913021533988], [19.80271361637206, 50.26996979891043], [19.804182785783183, 50.26974018738432], [19.80508562995589, 50.272184078636315], [19.805210198539985, 50.272184370268775], [19.805417648081765, 50.272034463528826], [19.80571987786008, 50.272408181885595], [19.806149015575194, 50.27220085088208], [19.80774094925211, 50.27243342787882], [19.808634634440256, 50.273724539938925], [19.80971624818043, 50.2750146923163], [19.80990754866388, 50.27497223539953], [19.81076687075596, 50.27593489413036], [19.811890891350007, 50.27734063494414], [19.812578361152816, 50.27810264039573], [19.81431078388872, 50.27746721542408], [19.814541957823643, 50.27778542968237], [19.81496317253748, 50.27721384726447], [19.81497071641938, 50.27681957596633], [19.815317120437793, 50.27567773513918], [19.81635682625512, 50.27468942034511], [19.816660099781412, 50.27427244570615], [19.817148428070055, 50.27303395145], [19.817413885648996, 50.272800637161254], [19.81776375795587, 50.27261978972476], [19.818862023145794, 50.272293341431], [19.820346389032213, 50.27199345981164], [19.82305809501785, 50.27128988775534], [19.823941409914195, 50.27101336288168], [19.824979220455567, 50.27062636463954], [19.825777907422733, 50.26891876039441], [19.82642257407636, 50.26802490581779], [19.826982270139894, 50.26645487033762], [19.827135164655534, 50.26634069827662], [19.82832432156817, 50.26567998068119], [19.829298183019176, 50.26509170834236], [19.83092241806616, 50.264463847805416], [19.831853776360735, 50.26406259049323], [19.832853786426462, 50.26380731101288], [19.832923276923502, 50.26390241517363], [19.833363045714087, 50.26368250323038], [19.83435079456852, 50.26367029642331], [19.83417440501353, 50.26348394032321], [19.834309971003112, 50.261952501303696], [19.834140137275572, 50.26111291901091], [19.83373582304911, 50.26030137331143], [19.83370393082372, 50.260045167075646], [19.833665548826804, 50.259290879630676], [19.83372702754796, 50.25831245753763], [19.833824378615443, 50.25832314484837], [19.833772871481674, 50.25868649713959], [19.83783407794759, 50.25821226202529], [19.837676052903475, 50.258009191466535], [19.83756763748636, 50.257922961528756], [19.837457460486934, 50.257886074909614], [19.837504702888758, 50.25788115284273], [19.83753028043209, 50.255118718086486], [19.837492109413486, 50.2537195027999], [19.837536042528317, 50.252219509177664], [19.83747230621441, 50.25104112844244], [19.839016632324142, 50.250971062154655], [19.83905191013615, 50.251002343952536], [19.840702874895122, 50.25110271272054], [19.840661086170748, 50.250178191422556], [19.841140978087168, 50.25012417632819], [19.843157872691187, 50.25026619122712], [19.84390190468371, 50.24998776891183], [19.84393672705448, 50.250043770192484], [19.84392348955274, 50.24948978728864], [19.844005303184854, 50.24944654483098], [19.844593202071707, 50.24942532843418], [19.844636697764546, 50.249957673823005], [19.84614961488613, 50.24989727058857], [19.846129748408014, 50.249367048569106], [19.84671203240703, 50.249340191227446], [19.846784834233464, 50.24934486980352], [19.846807052543053, 50.249377098572914], [19.84687841299998, 50.24937178267657], [19.84704998241029, 50.252192460796216], [19.847343136347316, 50.252416010149716], [19.84766589058598, 50.252854289634115], [19.84783409580425, 50.25505508633614], [19.847855106398338, 50.2563527074852], [19.847951373758228, 50.25689672300122], [19.84901437328771, 50.25678785446451], [19.849748523824477, 50.25686435458494], [19.850307334546546, 50.25679678680346], [19.8511696716343, 50.25753790759616], [19.852364980680036, 50.259195443828204], [19.85351098403756, 50.25986049592368], [19.85466270193048, 50.26067457487439], [19.855153943330176, 50.26109282447389], [19.855827854511432, 50.26166715721096], [19.856752793243288, 50.26269476760479], [19.857395814093504, 50.263213581963505], [19.857598286046017, 50.26348602358643], [19.85829011407001, 50.26405278542821], [19.858734477259162, 50.264521987788406], [19.859358071592247, 50.26504563521525], [19.859911343182617, 50.265648250154555], [19.86035711245843, 50.265965780746825], [19.860748340630547, 50.26633546255808], [19.861429628124206, 50.26675338981726], [19.86276165249051, 50.26768963302039], [19.864859630710782, 50.26902166773834], [19.866071091240297, 50.26964704294552], [19.86617928977762, 50.26988744024915], [19.866445781204348, 50.27007237817607], [19.86678187045207, 50.270433948901626], [19.867444351525567, 50.27101655269189], [19.868350208170842, 50.2719617037855], [19.868819907559313, 50.27284308271098], [19.86953712248951, 50.273687936056454], [19.86995710110934, 50.274087356231405], [19.870391390444915, 50.274724187445884], [19.871164871036235, 50.27561857829465], [19.871521441722347, 50.27628602889918], [19.871876453643956, 50.27669335253962], [19.87223763465974, 50.27721393202771], [19.872685493070332, 50.277682663594234], [19.873297650478293, 50.278454815103636], [19.87572558613369, 50.27770680522212], [19.87505833143256, 50.27666970695595], [19.878984656861494, 50.27497264294266], [19.877182368574648, 50.27205806403531], [19.877054018089698, 50.27193229811204], [19.877507747349828, 50.27175748968278], [19.8887254142191, 50.26883009430906], [19.888363812894834, 50.26776821122451], [19.888156035050642, 50.26666113495272], [19.893586374165814, 50.265540256969565], [19.89372565108355, 50.26594024547726], [19.89395589589773, 50.266912479987695], [19.893993195683603, 50.267373265955605], [19.894073947056853, 50.267720459015635], [19.894529593063833, 50.26877314856817], [19.894835351828608, 50.269290253652656], [19.89514366623306, 50.26970326600811], [19.895398140022706, 50.270169891818476], [19.895903799628424, 50.27063935303614], [19.896227657541047, 50.27101187057232], [19.897209753745223, 50.27174200407249], [19.89864731620641, 50.273077585975095], [19.899040365773168, 50.27324368774115], [19.8999776695774, 50.2737540819469], [19.900548971570217, 50.27423385398217], [19.900876811966793, 50.27491128138177], [19.90128742910084, 50.27529647291781], [19.901348085010547, 50.27551993368658], [19.901272921209866, 50.27565858398745], [19.901257182571847, 50.27586082306762], [19.90129301595391, 50.275961951138314], [19.90140924549069, 50.27600800489575], [19.901433856567145, 50.276066409413346], [19.902289993119695, 50.27592461798267], [19.90307056770883, 50.27585331601897], [19.903435171848272, 50.275897395877976], [19.903642287807685, 50.275987461723524], [19.9037020695593, 50.27595017342859], [19.90382988402428, 50.27598671364031], [19.9060706979138, 50.27618404944522], [19.90677236080679, 50.27621960235682], [19.907038409025656, 50.27629133527983], [19.90725226201434, 50.27641229719671], [19.90825052821171, 50.277281848658575], [19.90961514937067, 50.27817056302641], [19.910269352895583, 50.27873144381002], [19.910479224574427, 50.278695738953864], [19.911349456649987, 50.280157469484635], [19.912795579074324, 50.279741234988975], [19.914207187393547, 50.27919429051562], [19.914342516644922, 50.27910474545737], [19.914420893692643, 50.27881722579259], [19.91460852660587, 50.27861173536064], [19.915604968263942, 50.27803176541086], [19.916030924984682, 50.27784674767577], [19.916376240077145, 50.27774666089708], [19.916797630961106, 50.27764512426307], [19.91863760336391, 50.27732149804537], [19.919959787094538, 50.27704356192513], [19.922465104807337, 50.27638053147581], [19.92351561344679, 50.276022083999386], [19.92431951538764, 50.27581697934413], [19.92782438985114, 50.275106886266336], [19.92809342657494, 50.275015411726024], [19.928773688731287, 50.27488546964839], [19.928934616392997, 50.2748287809263], [19.92912151049689, 50.27469024333923], [19.92921360414746, 50.27468129161854], [19.929540975107958, 50.27477853290519], [19.92966947261762, 50.274779086922265], [19.929820281183034, 50.274679326781204], [19.930212637470195, 50.275088343216005], [19.930357338623757, 50.27491677794559], [19.930546161788648, 50.27478589818795], [19.93185416679693, 50.27510398000191], [19.931817035480137, 50.27490125124221], [19.931917075804865, 50.2748004823427], [19.932371988513964, 50.27450220447812], [19.93280882582941, 50.27438465789396], [19.93338694157262, 50.2740345502132], [19.93403531767521, 50.27344646277427], [19.93448570332784, 50.27296013318293], [19.930828738206294, 50.27207258426661], [19.93046349657249, 50.271894348671466], [19.92975845429262, 50.271692483925584], [19.929589457776423, 50.27160901952465], [19.92963456588866, 50.271442921425454], [19.92959058353331, 50.27132104780467], [19.928422105632333, 50.270466923544696], [19.9281367122005, 50.270232143933676], [19.927964333970326, 50.270024749764474], [19.92498863849174, 50.27084358860889], [19.924636718861244, 50.270654488756115], [19.9242927058486, 50.270351185194656], [19.923795889434427, 50.269751020966986], [19.92303552872111, 50.26917457660011], [19.922720048207324, 50.26884482931068], [19.922620118010954, 50.268225500703515], [19.922129838210488, 50.267070463773386], [19.922075807441658, 50.26682306920385], [19.92217217510624, 50.26615808781094], [19.92228144881746, 50.26596525469464], [19.92216324031507, 50.26503763345503], [19.922219535465867, 50.264556955861316], [19.92190039204895, 50.263260276990394], [19.921491947105128, 50.26255248984032], [19.921052069577193, 50.261274737626614], [19.92072680711661, 50.26128142779558], [19.919928112707947, 50.26122302870219], [19.920050657913524, 50.26070367667028], [19.92010373791465, 50.260657416535814], [19.920193271895474, 50.260617878720254], [19.92076542228836, 50.26052842784476], [19.92086209648701, 50.26047079393638], [19.920856307656358, 50.26038559510687], [19.92057477761236, 50.25995932311939], [19.9205180188736, 50.25970300102504], [19.925027573066743, 50.25893291054167], [19.928268571430607, 50.263201573853955], [19.928387034202473, 50.26294786058141], [19.928789369231417, 50.26344499706261], [19.928913182084543, 50.26354674774891], [19.9292892053896, 50.26358509776352], [19.929441007158424, 50.26377108188789], [19.93041352045841, 50.26393683955338], [19.93053255725847, 50.26378859412593], [19.931080172034573, 50.26396895697], [19.931621339895685, 50.264036420636174], [19.932368720088043, 50.26402126068972], [19.933064707230894, 50.26387678281973], [19.933489949124024, 50.2638657607998], [19.93376240414135, 50.26390053846786], [19.934037805822722, 50.26389758023781], [19.934670502540875, 50.2637668079747], [19.935301967076857, 50.26371631079255], [19.93550066986485, 50.26373107802007], [19.935447350059803, 50.26422905174277], [19.936492152139177, 50.26429930657851], [19.937167839538734, 50.26429766549924], [19.938204886209867, 50.26443301887462], [19.938824347135398, 50.26492922649951], [19.93991306570469, 50.26602968230611], [19.940211403305437, 50.266700255592184], [19.94022109137489, 50.26690839596369], [19.940439892527454, 50.26740246898459], [19.940604004123518, 50.26763674229372], [19.940762732283073, 50.267778628613875], [19.94146583099239, 50.26828277671876], [19.941151787985614, 50.268641804206204], [19.94030642335929, 50.27037619729475], [19.940753676995733, 50.27043781675452], [19.941109544872337, 50.27062879171193], [19.941253233984625, 50.27077881196801], [19.941723155294508, 50.271748276119304], [19.94190245916099, 50.2724057124111], [19.94226471646679, 50.27280937909285], [19.94249322386484, 50.27357038887775], [19.942536345508277, 50.2749740065993], [19.942475047306164, 50.27548647526915], [19.942283224137167, 50.275633800535736], [19.942138003381668, 50.275874966115694], [19.942237485893774, 50.27643160506364], [19.94224709207838, 50.27685283076988], [19.941986589151618, 50.27768041860018], [19.941909085827756, 50.278277883972684], [19.941789040615756, 50.27853483263566], [19.941863037493736, 50.27899431671324], [19.942301223821566, 50.27952580653696], [19.94263269565353, 50.28040328624811], [19.942709558722132, 50.2805185306652], [19.943817440832063, 50.280500281395106], [19.944880073054556, 50.28039628632179], [19.94494542142622, 50.28041063572592], [19.945045811680046, 50.280801126495795], [19.945506348991934, 50.281955432667594], [19.945726684974062, 50.28217591235598], [19.94606044783468, 50.282317939832815], [19.948562812060523, 50.28255557716369], [19.94968665150886, 50.282700512614184], [19.951291092831905, 50.28276220213872], [19.95218379393362, 50.282730332983895], [19.952698996107838, 50.282777143909804], [19.95293369745517, 50.282721895915465], [19.953497435099287, 50.28266061935794], [19.954216563736566, 50.282699009676485], [19.954602991835294, 50.28259684175694], [19.95484666731801, 50.28257376842055], [19.955310164037485, 50.28261093203584], [19.95570290243688, 50.282752472755874], [19.955831770064385, 50.28287177195799], [19.956050339263, 50.28295087782063], [19.95654224012212, 50.282966263711025], [19.957183518013327, 50.283061568924445], [19.957409431598176, 50.28304228689015], [19.957586369014614, 50.283061765871146], [19.95789717488674, 50.2831967201904], [19.95813518925564, 50.28317592685695], [19.95872343618444, 50.28329034853586], [19.959213143512443, 50.2834965819131], [19.959415613277553, 50.28296945544997], [19.959478905217495, 50.282518585017755], [19.95953258888715, 50.282431133801744], [19.959481662538543, 50.281890140248535], [19.960670473033524, 50.281423535078204], [19.96096926604984, 50.28116277069755], [19.96123905340793, 50.28103544220746], [19.96190655659965, 50.28094996738038], [19.96287475239426, 50.280664065888395], [19.963410098565486, 50.28064852180961], [19.966226290591848, 50.28096607944369], [19.967319412904185, 50.28101391817272], [19.968445803723725, 50.28126892423231], [19.969587091367362, 50.28148440119124], [19.97013849565523, 50.28154431282355], [19.970554276390914, 50.28164051311074], [19.97070120611194, 50.28163956657553], [19.971204400182963, 50.28154071515753], [19.97145049072453, 50.281535160815295], [19.971799572538142, 50.281581675691264], [19.97367864830184, 50.28158884211461], [19.974973607643136, 50.28175877989305], [19.97588205993027, 50.281802032216675], [19.976833064084573, 50.28190256485378], [19.978653486757654, 50.28182515883131], [19.982244813838893, 50.281866280369485], [19.98415627533969, 50.28171046476791], [19.984895084653175, 50.281609027692625], [19.986861061645836, 50.28145544192565], [19.98762439603365, 50.28137479059967], [19.98889993039828, 50.28118539465053], [19.98995391983336, 50.280988485370926], [19.99094445134743, 50.28086591041551], [19.99221045080131, 50.28058855368514], [19.993026134722385, 50.280313306778034], [19.99383625896671, 50.28008835543557], [19.99446875979517, 50.27996256079056], [19.99503031536372, 50.27988748773884], [19.995095075109017, 50.279997108039844], [19.995436785604188, 50.28223422609745], [19.99566078220771, 50.28265846717846], [19.995796096353082, 50.28271618942304], [19.996188909689227, 50.282813178303236], [19.998479627568397, 50.28306580411254], [20.000405636832806, 50.28358174085223], [20.00074252993219, 50.283709791632155], [20.002324349798442, 50.28417346655068], [20.002841584440606, 50.284280491661384], [20.003235273574546, 50.28443761362119], [20.00325463778478, 50.28456527139377], [20.004065446848067, 50.285182706989104], [20.004436908048707, 50.285672659213866], [20.005710868254123, 50.28560821932117], [20.005803310440363, 50.285731017221856], [20.006352650878778, 50.28580017958405], [20.00715601617648, 50.285982457672844], [20.007163768818483, 50.28611567984989], [20.007498795953797, 50.286099030589575], [20.007564683390342, 50.2860617412529], [20.009138749009594, 50.28616238200047], [20.009845041409633, 50.28624913924617], [20.012384334117375, 50.28710042634295], [20.013404844045294, 50.28752663194111], [20.014124109314615, 50.2878698049896], [20.014574849231547, 50.28815558296143], [20.01663233010442, 50.28889515932702], [20.017136909893438, 50.28921177208139], [20.01740786293143, 50.28945205293174], [20.017646294271053, 50.289752027859215], [20.01772584549763, 50.290032498113305], [20.01775465778753, 50.29059620364031], [20.01797309510631, 50.29169746090553], [20.018543540385057, 50.293487338630754], [20.019473037177647, 50.29342073774898], [20.02247102381742, 50.29333872534838], [20.022461857261444, 50.294080579822115], [20.0285109208726, 50.293841872638545], [20.030024233253023, 50.29381135344041], [20.031646112140304, 50.29372858261101], [20.0316477262256, 50.293469297754804], [20.031789461326607, 50.29325577504236], [20.031869908496173, 50.292943201183675], [20.032085514032953, 50.29287936286354], [20.03253133604812, 50.29288927789708], [20.0326846320171, 50.29268672932526], [20.03301541881764, 50.29277030988773], [20.03294847394667, 50.29288798366748], [20.0327839161925, 50.29302300693], [20.033148514692726, 50.29314193303884], [20.033361970435386, 50.292858605971034], [20.033940252340162, 50.29294612977951], [20.033963537839487, 50.29290514485286], [20.034044479557203, 50.292927845248116], [20.034264215850285, 50.29281926240893], [20.034867207935164, 50.29297576746563], [20.03533289159345, 50.29315567522155], [20.035933951010662, 50.29331791286846], [20.03640276570893, 50.29335012139692], [20.036880746025822, 50.29364439948212], [20.03714430964374, 50.29375627212882], [20.037527732066355, 50.29374299397741], [20.038070060631064, 50.29397180651826], [20.038225200188126, 50.294185006221426], [20.038429812760167, 50.294269505318084], [20.03923096456514, 50.29414270430368], [20.039409792910337, 50.29407890808942], [20.039588014060875, 50.29409404687338], [20.039680814751293, 50.29432965640523], [20.040471387311076, 50.29452634267826], [20.04081603923072, 50.2948221111896], [20.041465600455556, 50.29528267932586], [20.041882859081326, 50.29572361723367], [20.042350092759953, 50.29599674524175], [20.042405133192386, 50.29630333937177], [20.04247346453131, 50.296402352769896], [20.043091584754652, 50.2967108859657], [20.043366851546224, 50.29681465896666], [20.043509305172012, 50.29680117597339], [20.0436822771948, 50.29691768277594], [20.043896784984863, 50.2970067490155], [20.044160217506917, 50.29700082354094], [20.04458994282477, 50.29733989704334], [20.044711872396206, 50.2973350549872], [20.044957154483726, 50.297114095703016], [20.045486148774614, 50.297066023448465], [20.045428425888844, 50.29720805545664], [20.045202092761375, 50.297450120193446], [20.04556427123132, 50.297461725630306], [20.04588491252661, 50.2975360153282], [20.04600374156029, 50.29759498195029], [20.046543451327967, 50.29806432990908], [20.046869163688267, 50.29827145422619], [20.047355470761417, 50.29816152561012], [20.047503700180265, 50.29816822469014], [20.048010363331546, 50.2980650234913], [20.050195113501193, 50.29775427659326], [20.056366626574572, 50.29680519727594], [20.066283954982296, 50.295348461563876], [20.069313261575086, 50.29492896282583], [20.069897183366038, 50.29478222944629], [20.070662144392394, 50.29450639264773], [20.07160502177099, 50.293828729730826], [20.072070142358708, 50.2936698878729], [20.072966635946415, 50.29464059596819], [20.07423961191585, 50.2942364397107], [20.07640486783718, 50.296378842639], [20.07799101420928, 50.29823924319454], [20.079310488289885, 50.29796675729848], [20.079938264391803, 50.297904475642234], [20.080850027742557, 50.297745536487085], [20.083202103582977, 50.29728309692875], [20.083771631450965, 50.29712503171108], [20.084229611648354, 50.29703792228472], [20.084244586630227, 50.29711329404937], [20.08448237970856, 50.29737527363217], [20.085100077986603, 50.29777178002386], [20.0852750517572, 50.297928429700704], [20.09382064023902, 50.29725837420838], [20.096415861650005, 50.29703006711845], [20.09665587633025, 50.29846040492403], [20.09755668968876, 50.30273537417896], [20.09784935943965, 50.30433892141146], [20.09617140155712, 50.3040273909711], [20.094504641309694, 50.30377787062791], [20.093002348495475, 50.303642894710784], [20.09125171762676, 50.303759321457285], [20.090228740696343, 50.30393788127114], [20.089780824965278, 50.304083174269834], [20.088103478188167, 50.30450635688343], [20.088435157567627, 50.30519145594308], [20.089095406209672, 50.305535407507556], [20.089278643525006, 50.30568051736347], [20.089776351702966, 50.30619293939187], [20.08991309474958, 50.30626611678789], [20.090132034644615, 50.30662989319757], [20.09031776879902, 50.306615073184624], [20.09105963712345, 50.306678057759], [20.091816585966562, 50.30689283150603], [20.092455403888255, 50.30715558855646], [20.092552258509567, 50.307230069786996], [20.092680527770412, 50.30749809995254], [20.092872827403326, 50.30775817816776], [20.093377974547092, 50.30805234405331], [20.093987176758702, 50.30787269040335], [20.094387941556295, 50.307838410892145], [20.094740358136235, 50.308065747623], [20.094975296417672, 50.308328671751475], [20.096096655122626, 50.30753379138501], [20.099911708497277, 50.30801922810997], [20.1042778515726, 50.30852110411556], [20.117270170126066, 50.31012285147386], [20.116677436620233, 50.31231157981642], [20.11709810227654, 50.31236377532966], [20.119752972419327, 50.3122891427238], [20.120523044304214, 50.313151439505326], [20.120744414630874, 50.3132150608616], [20.122112545007912, 50.314655484657095], [20.12568133339578, 50.31321767760598], [20.124771931227336, 50.311098703557995], [20.12471634125592, 50.3106393917297], [20.124404093422857, 50.30990554432106], [20.12439477946052, 50.30971702578087], [20.123932210669235, 50.30919548773613], [20.12341729034843, 50.30871949636409], [20.12291637639748, 50.308032143251694], [20.122927426428767, 50.30781302940102], [20.122721734717743, 50.307417318031504], [20.122165980242322, 50.306606462708565], [20.122230045479792, 50.30656567836692], [20.121680029775515, 50.30594726841541], [20.121617779023296, 50.305645693999764], [20.121640490345612, 50.305540672461284], [20.12105554467825, 50.30569880637439], [20.119375916935773, 50.305740670162756], [20.118039060015445, 50.30572424239571], [20.11649132542754, 50.30576958246607], [20.115155931632454, 50.30576509051568], [20.114254582059267, 50.30587528783778], [20.11371755806554, 50.30603671697004], [20.11347895168277, 50.30614737347949], [20.113155903872396, 50.3064428670047], [20.112210708043456, 50.30687126049848], [20.11185356145817, 50.30684866280871], [20.111331065692248, 50.306267186504044], [20.11065184849332, 50.30588491547378], [20.11024199460904, 50.30555765852047], [20.109850199613565, 50.30508299815693], [20.109609822009052, 50.304626668774574], [20.109549124825843, 50.304343800560176], [20.1095314428727, 50.30328346124719], [20.10976704352359, 50.30285226508024], [20.1100138317533, 50.30261868360513], [20.111043545836736, 50.30183968060369], [20.111512903798648, 50.301390218433085], [20.111856844335644, 50.30128306795322], [20.11256158220981, 50.301422413897505], [20.113730889850086, 50.301535088841874], [20.114520716595052, 50.30205169928198], [20.11458407987896, 50.302381427706784], [20.114732433327887, 50.30266999574062], [20.114981205161804, 50.30301651002578], [20.11541758989458, 50.30348816584969], [20.115789668498117, 50.303703540608026], [20.118757931972965, 50.303561186139476], [20.120458897902438, 50.303286809169244], [20.120694186518584, 50.30317170772983], [20.120773274107208, 50.303214383163706], [20.120754934967678, 50.303531442351726], [20.12057020029962, 50.30403371353839], [20.121068905682666, 50.30469211011084], [20.121408486884004, 50.30523313999031], [20.125805850871902, 50.303356269728496], [20.127432590889146, 50.302624766285376], [20.130202218254187, 50.30144568992984], [20.131491523622135, 50.30085258142358], [20.131509227542818, 50.300967257354685], [20.131065833425218, 50.30229818885241], [20.130674034479156, 50.30279955742955], [20.130532626628412, 50.303079464494644], [20.130445031059217, 50.30342594666236], [20.13018742306135, 50.30388857754796], [20.13050442107521, 50.304303090094685], [20.13065629495018, 50.30441184652775], [20.1308609972748, 50.30434100062808], [20.13189330741693, 50.304104431931975], [20.13505291135267, 50.3034341575837], [20.1355637378915, 50.303264163662895], [20.142535805661893, 50.30155610526147], [20.143858510886712, 50.29852307535644], [20.144271930972327, 50.297174522096014], [20.144477534738726, 50.29663577404052], [20.146113950969486, 50.2960561163323], [20.146466474762786, 50.29609026313738], [20.14654869973394, 50.29581700492731], [20.147497525350246, 50.29616894656879], [20.148075713974762, 50.29633834746345], [20.14890428003621, 50.296123600836495], [20.149443713555424, 50.295916353422186], [20.150356733530778, 50.29981634450377], [20.152415374812566, 50.299870302483185], [20.154653528228728, 50.29997300121913], [20.15503457961632, 50.29974578524906], [20.15505960010821, 50.29926046061669], [20.155311841629135, 50.29742923662228], [20.156483777815172, 50.2975679338002], [20.156691501004595, 50.29756053989821], [20.15781964061878, 50.29738188805232], [20.158551064433553, 50.29700732059966], [20.15876918599691, 50.29681604519327], [20.159205251732725, 50.296546776745544], [20.159805579719468, 50.29633839331357], [20.160010920232985, 50.29636235438441], [20.16042618078938, 50.29649302445215], [20.160758873036226, 50.29663397591983], [20.160818549171243, 50.296688441807206], [20.16052117824924, 50.297403585778405], [20.16055168043986, 50.29747285585673], [20.16080085078311, 50.29764656011912], [20.160947135790423, 50.297692750159534], [20.16146538525457, 50.29747495469773], [20.161878068122434, 50.29736167886927], [20.162029364401352, 50.29729839498909], [20.162256939432996, 50.297031657981584], [20.16236181762189, 50.296973973122824], [20.16303070980898, 50.29680113144499], [20.16327939086011, 50.29640291816627], [20.16341774346751, 50.29602899492797], [20.163769845686314, 50.2955194087173], [20.16357522686018, 50.29538035846227], [20.163577558033932, 50.29523139662406], [20.163775585469914, 50.2944793868507], [20.164688959887982, 50.294457002952505], [20.164843002156964, 50.294476630909635], [20.166332739471493, 50.29427280195545], [20.166594536459737, 50.29417389152979], [20.16670647674784, 50.29418530321434], [20.166634569332498, 50.29395507116249], [20.166660287454803, 50.29390490668748], [20.166770858361186, 50.29385004582391], [20.167619369258635, 50.29370750558368], [20.168731931845997, 50.29341643048075], [20.169809303307407, 50.29307411522881], [20.169999527842563, 50.29303870093818], [20.170107955005925, 50.29317128112053], [20.171426835369694, 50.29270030724605], [20.172787299163698, 50.29209592018375], [20.173226532777772, 50.2917177423572], [20.17356940221038, 50.29114179804403], [20.173695325594156, 50.29050757840845], [20.173841141074067, 50.29025615126719], [20.174199320349036, 50.290132464525016], [20.175774426107647, 50.290005273860025], [20.175641384584633, 50.290257153635395], [20.176867573202713, 50.29015651377803], [20.177026295512864, 50.28955444035171], [20.177129953321497, 50.28948414631692], [20.177836498800353, 50.28928325477793], [20.17794345682327, 50.28918421258515], [20.178036924155915, 50.28864632056839], [20.17801272641231, 50.28850319466369], [20.17793671261128, 50.28843531552775], [20.1777417126231, 50.28835023136802], [20.17743476814596, 50.288083728238604], [20.17708790184429, 50.28769115940648], [20.176848604228248, 50.28732704315419], [20.176768138938428, 50.28711069243735], [20.17671517939721, 50.28676416883487], [20.175956182273232, 50.28642882580589], [20.175964082648125, 50.28637763384038], [20.176300826178636, 50.286380020502335], [20.176236059093004, 50.285904843481305], [20.17639135334532, 50.284631038004065], [20.176620357172858, 50.284045556211126], [20.177259123192336, 50.28402760189569], [20.177349169883204, 50.28360656714253], [20.174829317528282, 50.283509586764566], [20.17485332653964, 50.28293254286893], [20.173723367841728, 50.2828750663699], [20.17368608388291, 50.28186782286842], [20.173230339857735, 50.27836892697955], [20.17317143721792, 50.27755753007439], [20.173476494239946, 50.27638827692736], [20.173362484775, 50.275923446403475], [20.17322217754879, 50.27582687532875], [20.172802418577497, 50.275664570255145], [20.172545251019653, 50.275608255010646], [20.171178412642192, 50.27544324397589], [20.170353008557633, 50.27541379926931], [20.165402099159678, 50.27497511402435], [20.165283426315284, 50.2748859712732], [20.16503127215197, 50.27492075312707], [20.164365219692975, 50.274869213955924], [20.16295402462048, 50.27469236872984], [20.163147349097212, 50.2741881128101], [20.163165442260933, 50.27400428934052], [20.162917483086133, 50.27281588523671], [20.16107008775557, 50.27306869654061], [20.159253306947885, 50.273127406630934], [20.158572553304758, 50.27312373924158], [20.157943697121674, 50.27316036344783], [20.157093905152504, 50.272313914348715], [20.15678295664707, 50.27193691815956], [20.15662309162408, 50.271655601766334], [20.15655055468477, 50.271624416434626], [20.154132987578908, 50.27180186050699], [20.154012309659414, 50.27169291155477], [20.151011241020754, 50.27184922924503], [20.150809577828852, 50.27162469170629], [20.14781403299413, 50.271958447693265], [20.14668007571871, 50.27202322425046], [20.145224454172848, 50.272165643712206], [20.14440799639494, 50.27230636813259], [20.14388786854536, 50.27206877465926], [20.143365173152734, 50.27217002722444], [20.142785172801293, 50.27154052336423], [20.141054157927215, 50.271676183941985], [20.138447759368376, 50.2717806982396], [20.138262927432244, 50.271784992312085], [20.13816543680618, 50.27175352056051], [20.13823577877275, 50.27147820098208], [20.138203969856303, 50.270932216833764], [20.13811182617961, 50.27069012761117], [20.13790924321135, 50.270403613288124], [20.13640380604755, 50.26944686310238], [20.134854528886578, 50.26833494322046], [20.13406477936927, 50.2678479580186], [20.132105236666685, 50.266509069651406], [20.131712164198092, 50.26599437056119], [20.13154453505752, 50.26563240233983], [20.131501162244984, 50.26543355867285], [20.13103979039377, 50.26443355616096], [20.13068362194965, 50.26401973770973], [20.130231371578034, 50.26356024450027], [20.129776005496037, 50.2631798463039], [20.12814192697379, 50.26216897727068], [20.127988695153565, 50.26195015728651], [20.12769510018545, 50.26165287177631], [20.127011067292564, 50.26125447247077], [20.12658337094272, 50.26094349951554], [20.126377950261702, 50.26071844101599], [20.126201299021364, 50.26043884366356], [20.126318876224534, 50.25989191004471], [20.126931615246054, 50.25879530503089], [20.127786465978346, 50.25780948406135], [20.12908392589929, 50.25658269060364], [20.129297234564977, 50.256451672566605], [20.130728939127494, 50.255912144620794], [20.131198897927355, 50.25566418226695], [20.131329805990624, 50.255529397649134], [20.131019717716644, 50.25496029072555], [20.130860565002987, 50.254751409909616], [20.130784133218402, 50.254497293790855], [20.131920760014275, 50.253507615170086], [20.132566299222127, 50.25305650462286], [20.13313336632403, 50.25259392613852], [20.133086670582905, 50.252555276409375], [20.13327365402756, 50.2522505294951], [20.13343192472104, 50.2514876594588], [20.133340970170167, 50.251136963784404], [20.132612094207452, 50.24980805887735], [20.132402110168794, 50.2488623520954], [20.132598951765605, 50.24782087146642], [20.132760540755676, 50.24721482871839], [20.13291074569239, 50.24619277935618], [20.13379638198164, 50.24416203416004], [20.134402335918956, 50.243628170906675], [20.13454889596686, 50.24316092364147], [20.13472784027199, 50.24284073960314], [20.13484030862301, 50.24227379809467], [20.13500860768735, 50.24192179625623], [20.135323853519907, 50.24165369436921], [20.135854744474848, 50.2414305318252], [20.13712739772174, 50.2410599408421], [20.137597983323808, 50.240736163275784], [20.137710787560884, 50.24060690121232], [20.13981184901389, 50.24007762070109], [20.141723599253698, 50.239650300205994], [20.141905997327992, 50.23955598343115], [20.142139532939158, 50.23920562177184], [20.14232733727461, 50.239028627428944], [20.142719771730523, 50.238791464597846], [20.14294508678034, 50.2386957545105], [20.142926748151744, 50.238592672779426], [20.143968816275155, 50.2381353415051], [20.14522749188197, 50.237691282652825], [20.145504957657504, 50.23632444962944], [20.14552542807912, 50.23418322257915], [20.145373197805693, 50.23383828859009], [20.147629726207818, 50.23352237685897], [20.148713079178698, 50.23329610387945], [20.149047795542035, 50.2331550597253], [20.149350401250643, 50.233069703345464], [20.149510573575885, 50.23306422246009], [20.149714417838435, 50.23280209916173], [20.15002448274485, 50.23249408941246], [20.150540069198016, 50.232112866510114], [20.15144773811773, 50.23124737462328], [20.152468243418685, 50.230790888544604], [20.153257956086875, 50.23063094232277], [20.154088120088396, 50.226742280762934], [20.154818520958248, 50.226833549478776], [20.155321932540996, 50.22673920847212], [20.15548415459198, 50.22675926865367], [20.15628990026095, 50.227084301474434], [20.156512350290747, 50.22710659571179], [20.15685238081932, 50.227057815006695], [20.15721230058441, 50.22683475274157], [20.157539225437255, 50.22681374698075], [20.15861695664766, 50.22728593943678], [20.160007826469506, 50.22759791911976], [20.160591915961575, 50.227610142003506], [20.160757634499546, 50.22766285727946], [20.16119126558862, 50.22789498833655], [20.161275482751503, 50.22799179960288], [20.161593902859384, 50.22799256908497], [20.16203325306794, 50.22793873558671], [20.16294977040721, 50.22814458130859], [20.16323811018704, 50.22831056336307], [20.16337901361202, 50.228355993318566], [20.16397549520908, 50.2283414054038], [20.16425558013613, 50.2284426804854], [20.164722432183602, 50.228427246222566], [20.164914829032828, 50.22848563180509], [20.165085805619707, 50.228374113743286], [20.16512397448497, 50.22813064292602], [20.165551755640852, 50.22791235815975], [20.16590948905571, 50.227796605488095], [20.166061172700978, 50.22769007234841], [20.16618194629433, 50.22747533570864], [20.166304594384837, 50.227362030484386], [20.166527862265085, 50.22733773819622], [20.16681397544145, 50.227261928342216], [20.167364957145615, 50.22742070224786], [20.16754184288255, 50.22750055065973], [20.169072711996165, 50.22712345793439], [20.168694677984256, 50.22655342405109], [20.172396977743315, 50.22478444638079], [20.172655344196187, 50.22510402708681], [20.172830838259586, 50.22545070945182], [20.172924546233613, 50.225550906491804], [20.173429781928068, 50.22583466011449], [20.174824791851712, 50.22601540356741], [20.175032794345526, 50.22595736033693], [20.175192258225042, 50.22582075080603], [20.17557355929824, 50.22580709325218], [20.17574636713885, 50.22584751982077], [20.175876755183133, 50.22591785491658], [20.176098733273456, 50.226097899721154], [20.176411593463445, 50.22609526254099], [20.176785543888126, 50.2260202305329], [20.176976527244708, 50.22593302243841], [20.177463714485945, 50.225621788447505], [20.178002290751255, 50.22541880753146], [20.178067326448954, 50.22521454333374], [20.178238617185414, 50.225147513443396], [20.17861277706954, 50.22511680250028], [20.17795395242849, 50.22384450716375], [20.177540880283342, 50.22390559974248], [20.177166129502847, 50.223865274398634], [20.17661516564024, 50.223714099398215], [20.176256319429925, 50.2237838433482], [20.176188045539007, 50.223768973763775], [20.17589667139574, 50.223420215859235], [20.172366782075326, 50.221864683640746], [20.171928521007903, 50.22207806372598], [20.17135976399362, 50.22228466746188], [20.163168240374898, 50.22363745339814], [20.16264700404069, 50.22259146458279], [20.162440880752534, 50.222054026930046], [20.162006756244175, 50.22141280721382], [20.161679696395623, 50.22104397573252], [20.161333502192754, 50.22075169823134], [20.16091171474845, 50.220183570022144], [20.15992071177741, 50.21912149745638], [20.15920105526662, 50.21817799308983], [20.158905013315973, 50.21790441264926], [20.15875143217685, 50.217657577194494], [20.15787907349344, 50.21560841589299], [20.15749213986991, 50.21435496429091], [20.15730428606071, 50.21255486431702], [20.157163033840217, 50.211872052741775], [20.15714653290867, 50.21181457050082], [20.15706191271115, 50.211822228316024], [20.156899217939664, 50.211100329745285], [20.156818583439936, 50.21011864716754], [20.15672644443579, 50.20978198491305], [20.15666038077642, 50.209245731876514], [20.156761495841074, 50.208747015862386], [20.156755146130916, 50.20788302468808], [20.156947720423315, 50.20775117560787], [20.157247402751743, 50.207455927530354], [20.156501707679524, 50.207430196406136], [20.156397465222625, 50.20698582356497], [20.156265107568444, 50.20594316494351], [20.15601706697175, 50.20537573932674], [20.155685782254174, 50.204167278881094], [20.156612709674928, 50.204009476068784], [20.15685638408953, 50.20480883677282], [20.15736585228421, 50.20475490064241], [20.157836889285804, 50.20465581859648], [20.157732816244934, 50.20428103836354], [20.157761162150646, 50.2042623627496], [20.159692973564148, 50.203941885916365], [20.159609554385117, 50.20350701699898], [20.161560002181776, 50.20331971084676], [20.161999651235767, 50.2032518539386], [20.1627885638313, 50.20307772161406], [20.163086427569752, 50.20294680084285], [20.163704547271653, 50.20276603724202], [20.164730877752994, 50.20263235175177], [20.165111992331944, 50.202626999259195], [20.165623205176963, 50.202551461094195], [20.165473113639475, 50.20207314054301], [20.16541673697911, 50.20153057794713], [20.166068056594444, 50.20146071955838], [20.16609655512158, 50.20142496009731], [20.16598727872219, 50.20086313689996], [20.16549541328363, 50.19942832632536], [20.165219426362075, 50.198949010868475], [20.165145944744985, 50.19883339791709], [20.165060467153374, 50.19883539102467], [20.164824744053146, 50.19893889148974], [20.164709618261732, 50.198954247622794], [20.164549241421682, 50.198512624824644], [20.164520442031762, 50.1981563736831], [20.164587710891915, 50.197833270930055], [20.164882448812897, 50.19706845667902], [20.164987700267464, 50.19650277940471], [20.164885529586982, 50.19625757933236], [20.164668854530717, 50.19599258484388], [20.164620870133028, 50.19585287908207], [20.164745389399908, 50.19537095690324], [20.16487666915832, 50.19515971273266], [20.165101539734344, 50.19495462557549], [20.16588241057274, 50.19441358106868], [20.166752697240568, 50.193739296432426], [20.167720849320954, 50.19259008157186], [20.167913500738845, 50.1924645983481], [20.16846609727311, 50.19233827521157], [20.168937902307658, 50.192339853163766], [20.169923753846433, 50.19241882970455], [20.171429495833674, 50.19265066803895], [20.17186743002485, 50.19267545905552], [20.1729812250327, 50.19293720984975], [20.172914352635612, 50.1928681323181], [20.172896361756912, 50.192693488609784], [20.173060651411667, 50.19266867415052], [20.172719271515458, 50.19240541422175], [20.172477362545987, 50.192140344392314], [20.17211650917548, 50.19195076019009], [20.171977190599964, 50.19183558133477], [20.171907731110128, 50.191551869162524], [20.171716990036405, 50.19124391561961], [20.17157521278819, 50.19078535170476], [20.174925203538237, 50.190845965993375], [20.174430177640588, 50.18958469542016], [20.17421002267102, 50.18878931341177], [20.174099142716667, 50.18807292970998], [20.174167438308594, 50.188010478082745], [20.174280669559092, 50.18802207221298], [20.17489818274005, 50.18677374056935], [20.172332036747083, 50.18624749259301], [20.17231568007716, 50.18597854436424], [20.170523688385824, 50.18587315499476], [20.17044895785205, 50.185498594605505], [20.170375500223592, 50.184484781059496], [20.168644814715112, 50.18440047973608], [20.167288331498167, 50.18437817644067], [20.16655696074822, 50.18440260180493], [20.16581801760264, 50.183012678749336], [20.16533900161923, 50.182297237881905], [20.165024145076, 50.18196491422182], [20.163479526680717, 50.18133431883415], [20.162787204191297, 50.181001787637825], [20.161343151030053, 50.18011681256707], [20.16126122819439, 50.180157579859205], [20.16124864518154, 50.18007656964312], [20.16095710822896, 50.179854183724274], [20.160766040585994, 50.179651404154235], [20.16087635927513, 50.1794283242041], [20.16163039058162, 50.17850499413422], [20.16270072814099, 50.177826697677425], [20.163032395255545, 50.177755361367204], [20.163058426080205, 50.177707896397315], [20.16339787380656, 50.17751163960683], [20.163858899072157, 50.17716790481508], [20.16474615343733, 50.176226632073906], [20.16496545695114, 50.17593420163896], [20.165273937564532, 50.17518386833016], [20.16676194061477, 50.175437310017536], [20.168207906607716, 50.17561310860428], [20.168273480742272, 50.175005244083415], [20.168562332805834, 50.17503572370031], [20.168738503344613, 50.17359661902869], [20.169131191503162, 50.17196602490594], [20.16942739366822, 50.17126459365191], [20.169645601617677, 50.170935462925186], [20.169720788601335, 50.170748896624936], [20.169762838314075, 50.17037418044941], [20.169556316150675, 50.16904382654543], [20.169602522626157, 50.168816952966], [20.168949849118487, 50.168514591250315], [20.168186219949643, 50.16807278921477], [20.168196509865957, 50.168028357179416], [20.168149082700264, 50.1680026627521], [20.16797931739701, 50.16802509329282], [20.167909995330778, 50.16797856250006], [20.16780670452446, 50.16797773259089], [20.167646875444742, 50.16808088360591], [20.167455149518016, 50.168102346813434], [20.167208514758798, 50.168254775356324], [20.16674532574988, 50.168206048624064], [20.166568572277246, 50.168107047716205], [20.166141597259205, 50.167948168238446], [20.166094719174538, 50.16772206625569], [20.165987276775205, 50.16766222358689], [20.165493979293622, 50.16763071830183], [20.165426674811602, 50.16756495964989], [20.16529169750574, 50.16752694657782], [20.16514430429833, 50.167349932265424], [20.164872883048325, 50.16732604289272], [20.164650604664228, 50.167237321152875], [20.164584294149755, 50.16717084986849], [20.16431422898843, 50.16704519015684], [20.164145865660732, 50.16701943310622], [20.16414543864873, 50.16697168751096], [20.16391038002631, 50.16685347160882], [20.163884011248225, 50.16675222229042], [20.163642254922717, 50.16670507690469], [20.16358135314339, 50.16664161103266], [20.163621022569384, 50.16659829005086], [20.16350762220979, 50.166527253248255], [20.163265612060847, 50.1665107647599], [20.163185953279864, 50.16643934133053], [20.16303289027711, 50.166403263258736], [20.163152656002538, 50.166286073589944], [20.163027567553353, 50.166130975595046], [20.162983902542713, 50.166130571030216], [20.16290068031321, 50.166014795789266], [20.16273429214133, 50.16593231731842], [20.162582786913212, 50.16592735894664], [20.162504089118183, 50.16584110671559], [20.16260810217257, 50.16578431385567], [20.162477243761806, 50.16571126204103], [20.162385182831017, 50.165604773389035], [20.162262193812282, 50.16563409636036], [20.16207289142958, 50.16553337962538], [20.161983006517495, 50.16542259063699], [20.16105838396025, 50.165340570759994], [20.1609718185252, 50.16531216309053], [20.16100838930777, 50.16519005889492], [20.160858544605034, 50.1651543608269], [20.160866603791543, 50.16506181110187], [20.159939050487367, 50.164955844886286], [20.159432715089046, 50.164743768818546], [20.15908667430637, 50.16454624784243], [20.158998565015814, 50.16444643846102], [20.15873103721216, 50.1643852499516], [20.15855444807859, 50.16428659754894], [20.158297681900777, 50.164074975561206], [20.157396950957654, 50.163591198906836], [20.156767686579382, 50.16355777087143], [20.15642416623851, 50.16365552682824], [20.15613198053247, 50.163254290862895], [20.155236586271286, 50.16331953072008], [20.154851874061233, 50.16322906910631], [20.154760247334895, 50.16316267764299], [20.15459570297287, 50.163183328394986], [20.154438588559863, 50.163139836774306], [20.154392610449573, 50.16309616509299], [20.15419466327935, 50.16308231611381], [20.153860754622073, 50.162778233701175], [20.153719485025594, 50.16274115027742], [20.153795510936767, 50.16264460064179], [20.153041255737758, 50.162414146439126], [20.15290432438308, 50.16246430703552], [20.152846401262934, 50.16236803976231], [20.152705694108253, 50.16238634419559], [20.152658801996047, 50.16231533229476], [20.152542620297627, 50.16232392527233], [20.152477188720287, 50.162224905704704], [20.15238127346927, 50.1621638756911], [20.152452674957956, 50.16205983058406], [20.152252006740905, 50.16197061324709], [20.151906655662764, 50.16196629383975], [20.149503818675537, 50.162098155415364], [20.14807895434058, 50.16206901160378], [20.14786169035002, 50.16203199298049], [20.147658977502054, 50.16145219970621], [20.147591526925265, 50.16099513794273], [20.14737452876783, 50.16015665586643], [20.147232013214037, 50.158970945254524], [20.14709097350842, 50.158701615842695], [20.146686251051644, 50.15815791956782], [20.145889725565645, 50.15758014214943], [20.145695055066984, 50.157140395197615], [20.14563033631814, 50.157136052970486], [20.14555924885063, 50.15687658686625], [20.145653331086145, 50.1560420973155], [20.146033710964673, 50.154996714218406], [20.146761349105432, 50.155141693629574], [20.150601398525716, 50.15554315076756], [20.150585272066326, 50.15564768901884], [20.151226793147462, 50.155725746261645], [20.151506591263534, 50.155746671963406], [20.152223067794658, 50.15572511062504], [20.15295578218001, 50.155568617261075], [20.152956182051554, 50.15560934977338], [20.153788024343356, 50.1554419755812], [20.154599655594367, 50.15520620602222], [20.15626601883024, 50.154566380265436], [20.15727953184468, 50.15423648324182], [20.15883919756528, 50.15386755683801], [20.15885731294366, 50.15390383218358], [20.16024741035705, 50.15359542741555], [20.16025677197773, 50.15338051835716], [20.160696856109183, 50.15211056228785], [20.160803699117036, 50.151450759458484], [20.16310799503247, 50.151368305110665], [20.164058962451293, 50.151240287554444], [20.16568422794639, 50.15124226401763], [20.16571904071275, 50.15123595060769], [20.165722083261688, 50.15081177319023], [20.166372768559846, 50.1507225786087], [20.16889255667174, 50.150193440595146], [20.170005688177564, 50.14991026974528], [20.17050206730223, 50.14983415510347], [20.17131189259196, 50.149830225925975], [20.172405547265054, 50.14975809364238], [20.17304775926303, 50.14974486587087], [20.173986022773946, 50.14983102403092], [20.175088276567845, 50.14982815897056], [20.175890839338297, 50.14979897125304], [20.177010773865735, 50.14966269586872], [20.177592852273094, 50.149639126641425], [20.177709672164266, 50.148905832102024], [20.179944120645224, 50.14849680256448], [20.181529691207505, 50.14837599847622], [20.181358853033633, 50.1478346102582], [20.181220190273166, 50.14718726389675], [20.180289062570175, 50.147258918018295], [20.180321883476477, 50.145944473455636], [20.180502544876084, 50.14545960045872], [20.18085772311441, 50.14473427781963], [20.181009964185453, 50.14472510169194], [20.181113934918343, 50.14410958578967], [20.18373242443437, 50.14376019436278], [20.185626505699513, 50.14338993200867], [20.188189141361423, 50.143038070476166], [20.188423533752545, 50.14306830036328], [20.189072762346566, 50.14297375377435], [20.189169807870336, 50.142571181177914], [20.189269020444122, 50.14235482900507], [20.18918619463546, 50.14188320773398], [20.189854975547696, 50.14024897954594], [20.19052157293136, 50.138907212128764], [20.190862126887712, 50.13843152909914], [20.190990872883724, 50.138362565280715], [20.191199652351422, 50.13811847281118], [20.1911869063638, 50.138019841670534], [20.191333819184173, 50.13791872597434], [20.191645531272645, 50.13751000321949], [20.191588064184245, 50.13738381780025], [20.192022960919, 50.13662934480393], [20.192527853165558, 50.136178446630126], [20.19305429080548, 50.13600956678087], [20.193119128516305, 50.13596380307537], [20.193740484351657, 50.13517420500817], [20.19450681176105, 50.133963567124894], [20.19473547905066, 50.133724101688074], [20.195095756031638, 50.133527176870594], [20.195597807964276, 50.13342554969884], [20.196138563125476, 50.13293397463943], [20.19644045751056, 50.13278132724932], [20.197268381770236, 50.13257279541375], [20.197991368723148, 50.13253301519344], [20.198593791901967, 50.13254283856452], [20.199462800645495, 50.13261248944617], [20.199646658592982, 50.133472586290615], [20.199533619301665, 50.13397665717396], [20.20140213135191, 50.13397738381261], [20.20163189881543, 50.13401438858589], [20.202093826063063, 50.133582933881264], [20.20227086267216, 50.13306437495601], [20.202310458439527, 50.13266831945251], [20.202405449830927, 50.13255802179769], [20.202796540009665, 50.132373063098626], [20.20318307587382, 50.1323442471751], [20.203436809117438, 50.132099991530765], [20.203605482385793, 50.131848138959555], [20.20375809688447, 50.131130976645494], [20.204104768155755, 50.130325772716716], [20.20439765460496, 50.129861860973215], [20.204476970101823, 50.12961658769545], [20.20441059976194, 50.12942696025481], [20.204483483694975, 50.12899588675296], [20.2044379470201, 50.12881512339544], [20.20432716323148, 50.128554251803344], [20.20379825224224, 50.12806187021536], [20.204161387803563, 50.12744316420591], [20.20315942634972, 50.1272659115922], [20.202641736375284, 50.12728663399523], [20.20241638812812, 50.12713709284027], [20.202067506881786, 50.12641783522552], [20.201455236174418, 50.12553348696619], [20.201599140098494, 50.12489502890213], [20.20176416972777, 50.12447448048038], [20.20158861981185, 50.124266388164], [20.201604216927663, 50.124001347591076], [20.20173022433355, 50.12357243885234], [20.201409902250322, 50.122567727466055], [20.20137270765906, 50.12220602895517], [20.201679489032067, 50.12140972767512], [20.201621186659008, 50.120963367582995], [20.20129021891924, 50.12043151485671]], [[20.078658986133192, 50.11202661900788], [20.0783155286977, 50.111907409974535], [20.07862829051666, 50.11200259135263], [20.078658986133192, 50.11202661900788]], [[20.0783155286977, 50.111907409974535], [20.077905124310504, 50.11169843321736], [20.07785365351389, 50.111661896189], [20.0783155286977, 50.111907409974535]], [[20.036657913498157, 50.11099820477955], [20.03671353175434, 50.11103428725917], [20.036749875790363, 50.11108050164784], [20.036657913498157, 50.11099820477955]], [[20.03687456244836, 50.111239050843395], [20.036942851596514, 50.11132588603232], [20.037055779011293, 50.11154129918276], [20.03687456244836, 50.111239050843395]], [[20.037080314000825, 50.11158810056755], [20.037098792760485, 50.111623349473604], [20.037164620409907, 50.111875648926215], [20.037080314000825, 50.11158810056755]], [[20.036989012707554, 50.112605646437416], [20.037019130811974, 50.112660781404436], [20.036988222978668, 50.11262594002193], [20.036989012707554, 50.112605646437416]], [[20.037068315497127, 50.11271622568005], [20.03716684091218, 50.112777794786155], [20.037089948856195, 50.112740612253205], [20.037068315497127, 50.11271622568005]], [[20.037338005412305, 50.11286056445053], [20.03751348507892, 50.11291305813164], [20.037386013089776, 50.11288377942413], [20.037338005412305, 50.11286056445053]], [[20.038552341430247, 50.11315167032768], [20.039932011386696, 50.113337728052876], [20.039730270861593, 50.11332254051465], [20.038552341430247, 50.11315167032768]], [[20.042041777455136, 50.11303839084534], [20.04205666965163, 50.11298363828694], [20.042084015771565, 50.11294504897157], [20.042041777455136, 50.11303839084534]], [[20.0422646519243, 50.11269014533342], [20.042406272626355, 50.112490298117635], [20.04256400040809, 50.11230983092109], [20.0422646519243, 50.11269014533342]], [[20.04269860749928, 50.11215581769578], [20.042776713907468, 50.11206645078551], [20.04418346162937, 50.11069474442755], [20.04269860749928, 50.11215581769578]], [[20.078280554978317, 50.11262220078513], [20.078959492521015, 50.11240478708249], [20.07863976024065, 50.112526957989715], [20.078280554978317, 50.11262220078513]], [[20.07770773128195, 50.1115583119222], [20.077687875747678, 50.111544217284724], [20.07767907051835, 50.11153463843237], [20.07770773128195, 50.1115583119222]], [[20.078346075895087, 50.10832076366902], [20.078377602083485, 50.108323747858385], [20.078414080262156, 50.108337678498806], [20.078346075895087, 50.10832076366902]], [[19.87161527441801, 49.9716651757492], [19.87074007155237, 49.97173802716261], [19.87087135144905, 49.97171377408893], [19.87161527441801, 49.9716651757492]], [[19.870242112690935, 49.97183002169683], [19.869734302360715, 49.97202593769013], [19.86977275320605, 49.97200680794389], [19.870242112690935, 49.97183002169683]]]}}]}